municipality_code,prefecture,municipality_name,reading_hiragana,municipality_category,name_short,reading_short
011002,北海道,札幌市,さっぽろし,市,札幌,さっぽろ
012025,北海道,函館市,はこだてし,市,函館,はこだて
012033,北海道,小樽市,おたるし,市,小樽,おたる
012041,北海道,旭川市,あさひかわし,市,旭川,あさひかわ
012050,北海道,室蘭市,むろらんし,市,室蘭,むろらん
012068,北海道,釧路市,くしろし,市,釧路,くしろ
012076,北海道,帯広市,おびひろし,市,帯広,おびひろ
012084,北海道,北見市,きたみし,市,北見,きたみ
012092,北海道,夕張市,ゆうばりし,市,夕張,ゆうばり
012106,北海道,岩見沢市,いわみざわし,市,岩見沢,いわみざわ
012114,北海道,網走市,あばしりし,市,網走,あばしり
012122,北海道,留萌市,るもいし,市,留萌,るもい
012131,北海道,苫小牧市,とまこまいし,市,苫小牧,とまこまい
012149,北海道,稚内市,わっかないし,市,稚内,わっかない
012157,北海道,美唄市,びばいし,市,美唄,びばい
012165,北海道,芦別市,あしべつし,市,芦別,あしべつ
012173,北海道,江別市,えべつし,市,江別,えべつ
012181,北海道,赤平市,あかびらし,市,赤平,あかびら
012190,北海道,紋別市,もんべつし,市,紋別,もんべつ
012203,北海道,士別市,しべつし,市,士別,しべつ
012211,北海道,名寄市,なよろし,市,名寄,なよろ
012220,北海道,三笠市,みかさし,市,三笠,みかさ
012238,北海道,根室市,ねむろし,市,根室,ねむろ
012246,北海道,千歳市,ちとせし,市,千歳,ちとせ
012254,北海道,滝川市,たきかわし,市,滝川,たきかわ
012262,北海道,砂川市,すながわし,市,砂川,すながわ
012271,北海道,歌志内市,うたしないし,市,歌志内,うたしない
012289,北海道,深川市,ふかがわし,市,深川,ふかがわ
012297,北海道,富良野市,ふらのし,市,富良野,ふらの
012301,北海道,登別市,のぼりべつし,市,登別,のぼりべつ
012319,北海道,恵庭市,えにわし,市,恵庭,えにわ
012335,北海道,伊達市,だてし,市,伊達,だて
012343,北海道,北広島市,きたひろしまし,市,北広島,きたひろしま
012351,北海道,石狩市,いしかりし,市,石狩,いしかり
012360,北海道,北斗市,ほくとし,市,北斗,ほくと
013030,北海道,当別町,とうべつちょう,町,当別,とうべつ
013048,北海道,新篠津村,しんしのつむら,村,新篠津,しんしのつ
013315,北海道,松前町,まつまえちょう,町,松前,まつまえ
013323,北海道,福島町,ふくしまちょう,町,福島,ふくしま
013331,北海道,知内町,しりうちちょう,町,知内,しりうち
013340,北海道,木古内町,きこないちょう,町,木古内,きこない
013374,北海道,七飯町,ななえちょう,町,七飯,ななえ
013439,北海道,鹿部町,しかべちょう,町,鹿部,しかべ
013455,北海道,森町,もりまち,町,森,もり
013463,北海道,八雲町,やくもちょう,町,八雲,やくも
013471,北海道,長万部町,おしゃまんべちょう,町,長万部,おしゃまんべ
013617,北海道,江差町,えさしちょう,町,江差,えさし
013625,北海道,上ノ国町,かみのくにちょう,町,上ノ国,かみのくに
013633,北海道,厚沢部町,あっさぶちょう,町,厚沢部,あっさぶ
013641,北海道,乙部町,おとべちょう,町,乙部,おとべ
013676,北海道,奥尻町,おくしりちょう,町,奥尻,おくしり
013706,北海道,今金町,いまかねちょう,町,今金,いまかね
013714,北海道,せたな町,せたなちょう,町,せたな,せたな
013919,北海道,島牧村,しままきむら,村,島牧,しままき
013927,北海道,寿都町,すっつちょう,町,寿都,すっつ
013935,北海道,黒松内町,くろまつないちょう,町,黒松内,くろまつない
013943,北海道,蘭越町,らんこしちょう,町,蘭越,らんこし
013951,北海道,ニセコ町,にせこちょう,町,ニセコ,にせこ
013960,北海道,真狩村,まっかりむら,村,真狩,まっかり
013978,北海道,留寿都村,るすつむら,村,留寿都,るすつ
013986,北海道,喜茂別町,きもべつちょう,町,喜茂別,きもべつ
013994,北海道,京極町,きょうごくちょう,町,京極,きょうごく
014001,北海道,倶知安町,くっちゃんちょう,町,倶知安,くっちゃん
014010,北海道,共和町,きょうわちょう,町,共和,きょうわ
014028,北海道,岩内町,いわないちょう,町,岩内,いわない
014036,北海道,泊村,とまりむら,村,泊,とまり
014044,北海道,神恵内村,かもえないむら,村,神恵内,かもえない
014052,北海道,積丹町,しゃこたんちょう,町,積丹,しゃこたん
014061,北海道,古平町,ふるびらちょう,町,古平,ふるびら
014079,北海道,仁木町,にきちょう,町,仁木,にき
014087,北海道,余市町,よいちちょう,町,余市,よいち
014095,北海道,赤井川村,あかいがわむら,村,赤井川,あかいがわ
014231,北海道,南幌町,なんぽろちょう,町,南幌,なんぽろ
014249,北海道,奈井江町,ないえちょう,町,奈井江,ないえ
014257,北海道,上砂川町,かみすながわちょう,町,上砂川,かみすながわ
014273,北海道,由仁町,ゆにちょう,町,由仁,ゆに
014281,北海道,長沼町,ながぬまちょう,町,長沼,ながぬま
014290,北海道,栗山町,くりやまちょう,町,栗山,くりやま
014303,北海道,月形町,つきがたちょう,町,月形,つきがた
014311,北海道,浦臼町,うらうすちょう,町,浦臼,うらうす
014320,北海道,新十津川町,しんとつかわちょう,町,新十津川,しんとつかわ
014338,北海道,妹背牛町,もせうしちょう,町,妹背牛,もせうし
014346,北海道,秩父別町,ちっぷべつちょう,町,秩父別,ちっぷべつ
014362,北海道,雨竜町,うりゅうちょう,町,雨竜,うりゅう
014371,北海道,北竜町,ほくりゅうちょう,町,北竜,ほくりゅう
014389,北海道,沼田町,ぬまたちょう,町,沼田,ぬまた
014524,北海道,鷹栖町,たかすちょう,町,鷹栖,たかす
014532,北海道,東神楽町,ひがしかぐらちょう,町,東神楽,ひがしかぐら
014541,北海道,当麻町,とうまちょう,町,当麻,とうま
014559,北海道,比布町,ぴっぷちょう,町,比布,ぴっぷ
014567,北海道,愛別町,あいべつちょう,町,愛別,あいべつ
014575,北海道,上川町,かみかわちょう,町,上川,かみかわ
014583,北海道,東川町,ひがしかわちょう,町,東川,ひがしかわ
014591,北海道,美瑛町,びえいちょう,町,美瑛,びえい
014605,北海道,上富良野町,かみふらのちょう,町,上富良野,かみふらの
014613,北海道,中富良野町,なかふらのちょう,町,中富良野,なかふらの
014621,北海道,南富良野町,みなみふらのちょう,町,南富良野,みなみふらの
014630,北海道,占冠村,しむかっぷむら,村,占冠,しむかっぷ
014648,北海道,和寒町,わっさむちょう,町,和寒,わっさむ
014656,北海道,剣淵町,けんぶちちょう,町,剣淵,けんぶち
014681,北海道,下川町,しもかわちょう,町,下川,しもかわ
014699,北海道,美深町,びふかちょう,町,美深,びふか
014702,北海道,音威子府村,おといねっぷむら,村,音威子府,おといねっぷ
014711,北海道,中川町,なかがわちょう,町,中川,なかがわ
014729,北海道,幌加内町,ほろかないちょう,町,幌加内,ほろかない
014818,北海道,増毛町,ましけちょう,町,増毛,ましけ
014826,北海道,小平町,おびらちょう,町,小平,おびら
014834,北海道,苫前町,とままえちょう,町,苫前,とままえ
014842,北海道,羽幌町,はぼろちょう,町,羽幌,はぼろ
014851,北海道,初山別村,しょさんべつむら,村,初山別,しょさんべつ
014869,北海道,遠別町,えんべつちょう,町,遠別,えんべつ
014877,北海道,天塩町,てしおちょう,町,天塩,てしお
015113,北海道,猿払村,さるふつむら,村,猿払,さるふつ
015121,北海道,浜頓別町,はまとんべつちょう,町,浜頓別,はまとんべつ
015130,北海道,中頓別町,なかとんべつちょう,町,中頓別,なかとんべつ
015148,北海道,枝幸町,えさしちょう,町,枝幸,えさし
015164,北海道,豊富町,とよとみちょう,町,豊富,とよとみ
015172,北海道,礼文町,れぶんちょう,町,礼文,れぶん
015181,北海道,利尻町,りしりちょう,町,利尻,りしり
015199,北海道,利尻富士町,りしりふじちょう,町,利尻富士,りしりふじ
015202,北海道,幌延町,ほろのべちょう,町,幌延,ほろのべ
015431,北海道,美幌町,びほろちょう,町,美幌,びほろ
015440,北海道,津別町,つべつちょう,町,津別,つべつ
015458,北海道,斜里町,しゃりちょう,町,斜里,しゃり
015466,北海道,清里町,きよさとちょう,町,清里,きよさと
015474,北海道,小清水町,こしみずちょう,町,小清水,こしみず
015491,北海道,訓子府町,くんねっぷちょう,町,訓子府,くんねっぷ
015504,北海道,置戸町,おけとちょう,町,置戸,おけと
015521,北海道,佐呂間町,さろまちょう,町,佐呂間,さろま
015555,北海道,遠軽町,えんがるちょう,町,遠軽,えんがる
015598,北海道,湧別町,ゆうべつちょう,町,湧別,ゆうべつ
015601,北海道,滝上町,たきのうえちょう,町,滝上,たきのうえ
015610,北海道,興部町,おこっぺちょう,町,興部,おこっぺ
015628,北海道,西興部村,にしおこっぺむら,村,西興部,にしおこっぺ
015636,北海道,雄武町,おうむちょう,町,雄武,おうむ
015644,北海道,大空町,おおぞらちょう,町,大空,おおぞら
015717,北海道,豊浦町,とようらちょう,町,豊浦,とようら
015750,北海道,壮瞥町,そうべつちょう,町,壮瞥,そうべつ
015784,北海道,白老町,しらおいちょう,町,白老,しらおい
015814,北海道,厚真町,あつまちょう,町,厚真,あつま
015849,北海道,洞爺湖町,とうやこちょう,町,洞爺湖,とうやこ
015857,北海道,安平町,あびらちょう,町,安平,あびら
015865,北海道,むかわ町,むかわちょう,町,むかわ,むかわ
016012,北海道,日高町,ひだかちょう,町,日高,ひだか
016021,北海道,平取町,びらとりちょう,町,平取,びらとり
016047,北海道,新冠町,にいかっぷちょう,町,新冠,にいかっぷ
016071,北海道,浦河町,うらかわちょう,町,浦河,うらかわ
016080,北海道,様似町,さまにちょう,町,様似,さまに
016098,北海道,えりも町,えりもちょう,町,えりも,えりも
016101,北海道,新ひだか町,しんひだかちょう,町,新ひだか,しんひだか
016314,北海道,音更町,おとふけちょう,町,音更,おとふけ
016322,北海道,士幌町,しほろちょう,町,士幌,しほろ
016331,北海道,上士幌町,かみしほろちょう,町,上士幌,かみしほろ
016349,北海道,鹿追町,しかおいちょう,町,鹿追,しかおい
016357,北海道,新得町,しんとくちょう,町,新得,しんとく
016365,北海道,清水町,しみずちょう,町,清水,しみず
016373,北海道,芽室町,めむろちょう,町,芽室,めむろ
016381,北海道,中札内村,なかさつないむら,村,中札内,なかさつない
016390,北海道,更別村,さらべつむら,村,更別,さらべつ
016411,北海道,大樹町,たいきちょう,町,大樹,たいき
016420,北海道,広尾町,ひろおちょう,町,広尾,ひろお
016438,北海道,幕別町,まくべつちょう,町,幕別,まくべつ
016446,北海道,池田町,いけだちょう,町,池田,いけだ
016454,北海道,豊頃町,とよころちょう,町,豊頃,とよころ
016462,北海道,本別町,ほんべつちょう,町,本別,ほんべつ
016471,北海道,足寄町,あしょろちょう,町,足寄,あしょろ
016489,北海道,陸別町,りくべつちょう,町,陸別,りくべつ
016497,北海道,浦幌町,うらほろちょう,町,浦幌,うらほろ
016616,北海道,釧路町,くしろちょう,町,釧路,くしろ
016624,北海道,厚岸町,あっけしちょう,町,厚岸,あっけし
016632,北海道,浜中町,はまなかちょう,町,浜中,はまなか
016641,北海道,標茶町,しべちゃちょう,町,標茶,しべちゃ
016659,北海道,弟子屈町,てしかがちょう,町,弟子屈,てしかが
016675,北海道,鶴居村,つるいむら,村,鶴居,つるい
016683,北海道,白糠町,しらぬかちょう,町,白糠,しらぬか
016918,北海道,別海町,べつかいちょう,町,別海,べつかい
016926,北海道,中標津町,なかしべつちょう,町,中標津,なかしべつ
016934,北海道,標津町,しべつちょう,町,標津,しべつ
016942,北海道,羅臼町,らうすちょう,町,羅臼,らうす
016951,北海道,色丹村,しこたんむら,村,色丹,しこたん
016969,北海道,泊村,とまりむら,村,泊,とまり
016977,北海道,留夜別村,るやべつむら,村,留夜別,るやべつ
016985,北海道,留別村,るべつむら,村,留別,るべつ
016993,北海道,紗那村,しゃなむら,村,紗那,しゃな
017001,北海道,蘂取村,しべとろむら,村,蘂取,しべとろ
022012,青森県,青森市,あおもりし,市,青森,あおもり
022021,青森県,弘前市,ひろさきし,市,弘前,ひろさき
022039,青森県,八戸市,はちのへし,市,八戸,はちのへ
022047,青森県,黒石市,くろいしし,市,黒石,くろいし
022055,青森県,五所川原市,ごしょがわらし,市,五所川原,ごしょがわら
022063,青森県,十和田市,とわだし,市,十和田,とわだ
022071,青森県,三沢市,みさわし,市,三沢,みさわ
022080,青森県,むつ市,むつし,市,むつ,むつ
022098,青森県,つがる市,つがるし,市,つがる,つがる
022101,青森県,平川市,ひらかわし,市,平川,ひらかわ
023019,青森県,平内町,ひらないまち,町,平内,ひらない
023035,青森県,今別町,いまべつまち,町,今別,いまべつ
023043,青森県,蓬田村,よもぎたむら,村,蓬田,よもぎた
023078,青森県,外ヶ浜町,そとがはままち,町,外ヶ浜,そとがはま
023213,青森県,鰺ヶ沢町,あじがさわまち,町,鰺ヶ沢,あじがさわ
023230,青森県,深浦町,ふかうらまち,町,深浦,ふかうら
023434,青森県,西目屋村,にしめやむら,村,西目屋,にしめや
023612,青森県,藤崎町,ふじさきまち,町,藤崎,ふじさき
023621,青森県,大鰐町,おおわにまち,町,大鰐,おおわに
023671,青森県,田舎館村,いなかだてむら,村,田舎館,いなかだて
023817,青森県,板柳町,いたやなぎまち,町,板柳,いたやなぎ
023841,青森県,鶴田町,つるたまち,町,鶴田,つるた
023876,青森県,中泊町,なかどまりまち,町,中泊,なかどまり
024015,青森県,野辺地町,のへじまち,町,野辺地,のへじ
024023,青森県,七戸町,しちのへまち,町,七戸,しちのへ
024058,青森県,六戸町,ろくのへまち,町,六戸,ろくのへ
024066,青森県,横浜町,よこはままち,町,横浜,よこはま
024082,青森県,東北町,とうほくまち,町,東北,とうほく
024112,青森県,六ヶ所村,ろっかしょむら,村,六ヶ所,ろっかしょ
024121,青森県,おいらせ町,おいらせちょう,町,おいらせ,おいらせ
024236,青森県,大間町,おおままち,町,大間,おおま
024244,青森県,東通村,ひがしどおりむら,村,東通,ひがしどおり
024252,青森県,風間浦村,かざまうらむら,村,風間浦,かざまうら
024261,青森県,佐井村,さいむら,村,佐井,さい
024414,青森県,三戸町,さんのへまち,町,三戸,さんのへ
024422,青森県,五戸町,ごのへまち,町,五戸,ごのへ
024431,青森県,田子町,たっこまち,町,田子,たっこ
024457,青森県,南部町,なんぶちょう,町,南部,なんぶ
024465,青森県,階上町,はしかみちょう,町,階上,はしかみ
024503,青森県,新郷村,しんごうむら,村,新郷,しんごう
032018,岩手県,盛岡市,もりおかし,市,盛岡,もりおか
032026,岩手県,宮古市,みやこし,市,宮古,みやこ
032034,岩手県,大船渡市,おおふなとし,市,大船渡,おおふなと
032051,岩手県,花巻市,はなまきし,市,花巻,はなまき
032069,岩手県,北上市,きたかみし,市,北上,きたかみ
032077,岩手県,久慈市,くじし,市,久慈,くじ
032085,岩手県,遠野市,とおのし,市,遠野,とおの
032093,岩手県,一関市,いちのせきし,市,一関,いちのせき
032107,岩手県,陸前高田市,りくぜんたかたし,市,陸前高田,りくぜんたかた
032115,岩手県,釜石市,かまいしし,市,釜石,かまいし
032131,岩手県,二戸市,にのへし,市,二戸,にのへ
032140,岩手県,八幡平市,はちまんたいし,市,八幡平,はちまんたい
032158,岩手県,奥州市,おうしゅうし,市,奥州,おうしゅう
032166,岩手県,滝沢市,たきざわし,市,滝沢,たきざわ
033014,岩手県,雫石町,しずくいしちょう,町,雫石,しずくいし
033022,岩手県,葛巻町,くずまきまち,町,葛巻,くずまき
033031,岩手県,岩手町,いわてまち,町,岩手,いわて
033219,岩手県,紫波町,しわちょう,町,紫波,しわ
033227,岩手県,矢巾町,やはばちょう,町,矢巾,やはば
033669,岩手県,西和賀町,にしわがまち,町,西和賀,にしわが
033812,岩手県,金ケ崎町,かねがさきちょう,町,金ケ崎,かねがさき
034029,岩手県,平泉町,ひらいずみちょう,町,平泉,ひらいずみ
034410,岩手県,住田町,すみたちょう,町,住田,すみた
034614,岩手県,大槌町,おおつちちょう,町,大槌,おおつち
034827,岩手県,山田町,やまだまち,町,山田,やまだ
034835,岩手県,岩泉町,いわいずみちょう,町,岩泉,いわいずみ
034843,岩手県,田野畑村,たのはたむら,村,田野畑,たのはた
034851,岩手県,普代村,ふだいむら,村,普代,ふだい
035017,岩手県,軽米町,かるまいまち,町,軽米,かるまい
035033,岩手県,野田村,のだむら,村,野田,のだ
035068,岩手県,九戸村,くのへむら,村,九戸,くのへ
035076,岩手県,洋野町,ひろのちょう,町,洋野,ひろの
035246,岩手県,一戸町,いちのへまち,町,一戸,いちのへ
041009,宮城県,仙台市,せんだいし,市,仙台,せんだい
042021,宮城県,石巻市,いしのまきし,市,石巻,いしのまき
042030,宮城県,塩竈市,しおがまし,市,塩竈,しおがま
042056,宮城県,気仙沼市,けせんぬまし,市,気仙沼,けせんぬま
042064,宮城県,白石市,しろいしし,市,白石,しろいし
042072,宮城県,名取市,なとりし,市,名取,なとり
042081,宮城県,角田市,かくだし,市,角田,かくだ
042099,宮城県,多賀城市,たがじょうし,市,多賀城,たがじょう
042111,宮城県,岩沼市,いわぬまし,市,岩沼,いわぬま
042129,宮城県,登米市,とめし,市,登米,とめ
042137,宮城県,栗原市,くりはらし,市,栗原,くりはら
042145,宮城県,東松島市,ひがしまつしまし,市,東松島,ひがしまつしま
042153,宮城県,大崎市,おおさきし,市,大崎,おおさき
042161,宮城県,富谷市,とみやし,市,富谷,とみや
043010,宮城県,蔵王町,ざおうまち,町,蔵王,ざおう
043028,宮城県,七ヶ宿町,しちかしゅくまち,町,七ヶ宿,しちかしゅく
043214,宮城県,大河原町,おおがわらまち,町,大河原,おおがわら
043222,宮城県,村田町,むらたまち,町,村田,むらた
043231,宮城県,柴田町,しばたまち,町,柴田,しばた
043249,宮城県,川崎町,かわさきまち,町,川崎,かわさき
043419,宮城県,丸森町,まるもりまち,町,丸森,まるもり
043613,宮城県,亘理町,わたりちょう,町,亘理,わたり
043621,宮城県,山元町,やまもとちょう,町,山元,やまもと
044016,宮城県,松島町,まつしままち,町,松島,まつしま
044041,宮城県,七ヶ浜町,しちがはままち,町,七ヶ浜,しちがはま
044067,宮城県,利府町,りふちょう,町,利府,りふ
044211,宮城県,大和町,たいわちょう,町,大和,たいわ
044229,宮城県,大郷町,おおさとちょう,町,大郷,おおさと
044245,宮城県,大衡村,おおひらむら,村,大衡,おおひら
044440,宮城県,色麻町,しかまちょう,町,色麻,しかま
044458,宮城県,加美町,かみまち,町,加美,かみ
045012,宮城県,涌谷町,わくやちょう,町,涌谷,わくや
045055,宮城県,美里町,みさとまち,町,美里,みさと
045811,宮城県,女川町,おながわちょう,町,女川,おながわ
046060,宮城県,南三陸町,みなみさんりくちょう,町,南三陸,みなみさんりく
052019,秋田県,秋田市,あきたし,市,秋田,あきた
052027,秋田県,能代市,のしろし,市,能代,のしろ
052035,秋田県,横手市,よこてし,市,横手,よこて
052043,秋田県,大館市,おおだてし,市,大館,おおだて
052060,秋田県,男鹿市,おがし,市,男鹿,おが
052078,秋田県,湯沢市,ゆざわし,市,湯沢,ゆざわ
052094,秋田県,鹿角市,かづのし,市,鹿角,かづの
052108,秋田県,由利本荘市,ゆりほんじょうし,市,由利本荘,ゆりほんじょう
052116,秋田県,潟上市,かたがみし,市,潟上,かたがみ
052124,秋田県,大仙市,だいせんし,市,大仙,だいせん
052132,秋田県,北秋田市,きたあきたし,市,北秋田,きたあきた
052141,秋田県,にかほ市,にかほし,市,にかほ,にかほ
052159,秋田県,仙北市,せんぼくし,市,仙北,せんぼく
053031,秋田県,小坂町,こさかまち,町,小坂,こさか
053279,秋田県,上小阿仁村,かみこあにむら,村,上小阿仁,かみこあに
053465,秋田県,藤里町,ふじさとまち,町,藤里,ふじさと
053481,秋田県,三種町,みたねちょう,町,三種,みたね
053490,秋田県,八峰町,はっぽうちょう,町,八峰,はっぽう
053619,秋田県,五城目町,ごじょうめまち,町,五城目,ごじょうめ
053635,秋田県,八郎潟町,はちろうがたまち,町,八郎潟,はちろうがた
053660,秋田県,井川町,いかわまち,町,井川,いかわ
053686,秋田県,大潟村,おおがたむら,村,大潟,おおがた
054348,秋田県,美郷町,みさとちょう,町,美郷,みさと
054631,秋田県,羽後町,うごまち,町,羽後,うご
054640,秋田県,東成瀬村,ひがしなるせむら,村,東成瀬,ひがしなるせ
062014,山形県,山形市,やまがたし,市,山形,やまがた
062022,山形県,米沢市,よねざわし,市,米沢,よねざわ
062031,山形県,鶴岡市,つるおかし,市,鶴岡,つるおか
062049,山形県,酒田市,さかたし,市,酒田,さかた
062057,山形県,新庄市,しんじょうし,市,新庄,しんじょう
062065,山形県,寒河江市,さがえし,市,寒河江,さがえ
062073,山形県,上山市,かみのやまし,市,上山,かみのやま
062081,山形県,村山市,むらやまし,市,村山,むらやま
062090,山形県,長井市,ながいし,市,長井,ながい
062103,山形県,天童市,てんどうし,市,天童,てんどう
062111,山形県,東根市,ひがしねし,市,東根,ひがしね
062120,山形県,尾花沢市,おばなざわし,市,尾花沢,おばなざわ
062138,山形県,南陽市,なんようし,市,南陽,なんよう
063011,山形県,山辺町,やまのべまち,町,山辺,やまのべ
063029,山形県,中山町,なかやままち,町,中山,なかやま
063215,山形県,河北町,かほくちょう,町,河北,かほく
063223,山形県,西川町,にしかわまち,町,西川,にしかわ
063231,山形県,朝日町,あさひまち,町,朝日,あさひ
063240,山形県,大江町,おおえまち,町,大江,おおえ
063410,山形県,大石田町,おおいしだまち,町,大石田,おおいしだ
063614,山形県,金山町,かねやままち,町,金山,かねやま
063622,山形県,最上町,もがみまち,町,最上,もがみ
063631,山形県,舟形町,ふながたまち,町,舟形,ふながた
063649,山形県,真室川町,まむろがわまち,町,真室川,まむろがわ
063657,山形県,大蔵村,おおくらむら,村,大蔵,おおくら
063665,山形県,鮭川村,さけがわむら,村,鮭川,さけがわ
063673,山形県,戸沢村,とざわむら,村,戸沢,とざわ
063819,山形県,高畠町,たかはたまち,町,高畠,たかはた
063827,山形県,川西町,かわにしまち,町,川西,かわにし
064017,山形県,小国町,おぐにまち,町,小国,おぐに
064025,山形県,白鷹町,しらたかまち,町,白鷹,しらたか
064033,山形県,飯豊町,いいでまち,町,飯豊,いいで
064262,山形県,三川町,みかわまち,町,三川,みかわ
064289,山形県,庄内町,しようないまち,町,庄内,しようない
064611,山形県,遊佐町,ゆざまち,町,遊佐,ゆざ
072010,福島県,福島市,ふくしまし,市,福島,ふくしま
072028,福島県,会津若松市,あいづわかまつし,市,会津若松,あいづわかまつ
072036,福島県,郡山市,こおりやまし,市,郡山,こおりやま
072044,福島県,いわき市,いわきし,市,いわき,いわき
072052,福島県,白河市,しらかわし,市,白河,しらかわ
072079,福島県,須賀川市,すかがわし,市,須賀川,すかがわ
072087,福島県,喜多方市,きたかたし,市,喜多方,きたかた
072095,福島県,相馬市,そうまし,市,相馬,そうま
072109,福島県,二本松市,にほんまつし,市,二本松,にほんまつ
072117,福島県,田村市,たむらし,市,田村,たむら
072125,福島県,南相馬市,みなみそうまし,市,南相馬,みなみそうま
072133,福島県,伊達市,だてし,市,伊達,だて
072141,福島県,本宮市,もとみやし,市,本宮,もとみや
073016,福島県,桑折町,こおりまち,町,桑折,こおり
073032,福島県,国見町,くにみまち,町,国見,くにみ
073083,福島県,川俣町,かわまたまち,町,川俣,かわまた
073229,福島県,大玉村,おおたまむら,村,大玉,おおたま
073423,福島県,鏡石町,かがみいしまち,町,鏡石,かがみいし
073440,福島県,天栄村,てんえいむら,村,天栄,てんえい
073628,福島県,下郷町,しもごうまち,町,下郷,しもごう
073644,福島県,檜枝岐村,ひのえまたむら,村,檜枝岐,ひのえまた
073679,福島県,只見町,ただみまち,町,只見,ただみ
073687,福島県,南会津町,みなみあいづまち,町,南会津,みなみあいづ
074021,福島県,北塩原村,きたしおばらむら,村,北塩原,きたしおばら
074055,福島県,西会津町,にしあいづまち,町,西会津,にしあいづ
074071,福島県,磐梯町,ばんだいまち,町,磐梯,ばんだい
074080,福島県,猪苗代町,いなわしろまち,町,猪苗代,いなわしろ
074217,福島県,会津坂下町,あいづばんげまち,町,会津坂下,あいづばんげ
074225,福島県,湯川村,ゆがわむら,村,湯川,ゆがわ
074233,福島県,柳津町,やないづまち,町,柳津,やないづ
074446,福島県,三島町,みしままち,町,三島,みしま
074454,福島県,金山町,かねやままち,町,金山,かねやま
074462,福島県,昭和村,しょうわむら,村,昭和,しょうわ
074471,福島県,会津美里町,あいづみさとまち,町,会津美里,あいづみさと
074616,福島県,西郷村,にしごうむら,村,西郷,にしごう
074641,福島県,泉崎村,いずみざきむら,村,泉崎,いずみざき
074659,福島県,中島村,なかじまむら,村,中島,なかじま
074667,福島県,矢吹町,やぶきまち,町,矢吹,やぶき
074811,福島県,棚倉町,たなぐらまち,町,棚倉,たなぐら
074829,福島県,矢祭町,やまつりまち,町,矢祭,やまつり
074837,福島県,塙町,はなわまち,町,塙,はなわ
074845,福島県,鮫川村,さめがわむら,村,鮫川,さめがわ
075019,福島県,石川町,いしかわまち,町,石川,いしかわ
075027,福島県,玉川村,たまかわむら,村,玉川,たまかわ
075035,福島県,平田村,ひらたむら,村,平田,ひらた
075043,福島県,浅川町,あさかわまち,町,浅川,あさかわ
075051,福島県,古殿町,ふるどのまち,町,古殿,ふるどの
075213,福島県,三春町,みはるまち,町,三春,みはる
075221,福島県,小野町,おのまち,町,小野,おの
075418,福島県,広野町,ひろのまち,町,広野,ひろの
075426,福島県,楢葉町,ならはまち,町,楢葉,ならは
075434,福島県,富岡町,とみおかまち,町,富岡,とみおか
075442,福島県,川内村,かわうちむら,村,川内,かわうち
075451,福島県,大熊町,おおくままち,町,大熊,おおくま
075469,福島県,双葉町,ふたばまち,町,双葉,ふたば
075477,福島県,浪江町,なみえまち,町,浪江,なみえ
075485,福島県,葛尾村,かつらおむら,村,葛尾,かつらお
075612,福島県,新地町,しんちまち,町,新地,しんち
075647,福島県,飯舘村,いいたてむら,村,飯舘,いいたて
082015,茨城県,水戸市,みとし,市,水戸,みと
082023,茨城県,日立市,ひたちし,市,日立,ひたち
082031,茨城県,土浦市,つちうらし,市,土浦,つちうら
082040,茨城県,古河市,こがし,市,古河,こが
082058,茨城県,石岡市,いしおかし,市,石岡,いしおか
082074,茨城県,結城市,ゆうきし,市,結城,ゆうき
082082,茨城県,龍ケ崎市,りゅうがさきし,市,龍ケ崎,りゅうがさき
082104,茨城県,下妻市,しもつまし,市,下妻,しもつま
082112,茨城県,常総市,じょうそうし,市,常総,じょうそう
082121,茨城県,常陸太田市,ひたちおおたし,市,常陸太田,ひたちおおた
082147,茨城県,高萩市,たかはぎし,市,高萩,たかはぎ
082155,茨城県,北茨城市,きたいばらきし,市,北茨城,きたいばらき
082163,茨城県,笠間市,かさまし,市,笠間,かさま
082171,茨城県,取手市,とりでし,市,取手,とりで
082198,茨城県,牛久市,うしくし,市,牛久,うしく
082201,茨城県,つくば市,つくばし,市,つくば,つくば
082210,茨城県,ひたちなか市,ひたちなかし,市,ひたちなか,ひたちなか
082228,茨城県,鹿嶋市,かしまし,市,鹿嶋,かしま
082236,茨城県,潮来市,いたこし,市,潮来,いたこ
082244,茨城県,守谷市,もりやし,市,守谷,もりや
082252,茨城県,常陸大宮市,ひたちおおみやし,市,常陸大宮,ひたちおおみや
082261,茨城県,那珂市,なかし,市,那珂,なか
082279,茨城県,筑西市,ちくせいし,市,筑西,ちくせい
082287,茨城県,坂東市,ばんどうし,市,坂東,ばんどう
082295,茨城県,稲敷市,いなしきし,市,稲敷,いなしき
082309,茨城県,かすみがうら市,かすみがうらし,市,かすみがうら,かすみがうら
082317,茨城県,桜川市,さくらがわし,市,桜川,さくらがわ
082325,茨城県,神栖市,かみすし,市,神栖,かみす
082333,茨城県,行方市,なめがたし,市,行方,なめがた
082341,茨城県,鉾田市,ほこたし,市,鉾田,ほこた
082350,茨城県,つくばみらい市,つくばみらいし,市,つくばみらい,つくばみらい
082368,茨城県,小美玉市,おみたまし,市,小美玉,おみたま
083020,茨城県,茨城町,いばらきまち,町,茨城,いばらき
083097,茨城県,大洗町,おおあらいまち,町,大洗,おおあらい
083101,茨城県,城里町,しろさとまち,町,城里,しろさと
083411,茨城県,東海村,とうかいむら,村,東海,とうかい
083640,茨城県,大子町,だいごまち,町,大子,だいご
084425,茨城県,美浦村,みほむら,村,美浦,みほ
084433,茨城県,阿見町,あみまち,町,阿見,あみ
084476,茨城県,河内町,かわちまち,町,河内,かわち
085219,茨城県,八千代町,やちよまち,町,八千代,やちよ
085421,茨城県,五霞町,ごかまち,町,五霞,ごか
085464,茨城県,境町,さかいまち,町,境,さかい
085642,茨城県,利根町,とねまち,町,利根,とね
092011,栃木県,宇都宮市,うつのみやし,市,宇都宮,うつのみや
092029,栃木県,足利市,あしかがし,市,足利,あしかが
092037,栃木県,栃木市,とちぎし,市,栃木,とちぎ
092045,栃木県,佐野市,さのし,市,佐野,さの
092053,栃木県,鹿沼市,かぬまし,市,鹿沼,かぬま
092061,栃木県,日光市,にっこうし,市,日光,にっこう
092088,栃木県,小山市,おやまし,市,小山,おやま
092096,栃木県,真岡市,もおかし,市,真岡,もおか
092100,栃木県,大田原市,おおたわらし,市,大田原,おおたわら
092118,栃木県,矢板市,やいたし,市,矢板,やいた
092134,栃木県,那須塩原市,なすしおばらし,市,那須塩原,なすしおばら
092142,栃木県,さくら市,さくらし,市,さくら,さくら
092151,栃木県,那須烏山市,なすからすやまし,市,那須烏山,なすからすやま
092169,栃木県,下野市,しもつけし,市,下野,しもつけ
093017,栃木県,上三川町,かみのかわまち,町,上三川,かみのかわ
093424,栃木県,益子町,ましこまち,町,益子,ましこ
093432,栃木県,茂木町,もてぎまち,町,茂木,もてぎ
093441,栃木県,市貝町,いちかいまち,町,市貝,いちかい
093459,栃木県,芳賀町,はがまち,町,芳賀,はが
093611,栃木県,壬生町,みぶまち,町,壬生,みぶ
093645,栃木県,野木町,のぎまち,町,野木,のぎ
093840,栃木県,塩谷町,しおやまち,町,塩谷,しおや
093866,栃木県,高根沢町,たかねざわまち,町,高根沢,たかねざわ
094072,栃木県,那須町,なすまち,町,那須,なす
094111,栃木県,那珂川町,なかがわまち,町,那珂川,なかがわ
102016,群馬県,前橋市,まえばしし,市,前橋,まえばし
102024,群馬県,高崎市,たかさきし,市,高崎,たかさき
102032,群馬県,桐生市,きりゅうし,市,桐生,きりゅう
102041,群馬県,伊勢崎市,いせさきし,市,伊勢崎,いせさき
102059,群馬県,太田市,おおたし,市,太田,おおた
102067,群馬県,沼田市,ぬまたし,市,沼田,ぬまた
102075,群馬県,館林市,たてばやしし,市,館林,たてばやし
102083,群馬県,渋川市,しぶかわし,市,渋川,しぶかわ
102091,群馬県,藤岡市,ふじおかし,市,藤岡,ふじおか
102105,群馬県,富岡市,とみおかし,市,富岡,とみおか
102113,群馬県,安中市,あんなかし,市,安中,あんなか
102121,群馬県,みどり市,みどりし,市,みどり,みどり
103446,群馬県,榛東村,しんとうむら,村,榛東,しんとう
103454,群馬県,吉岡町,よしおかまち,町,吉岡,よしおか
103667,群馬県,上野村,うえのむら,村,上野,うえの
103675,群馬県,神流町,かんなまち,町,神流,かんな
103829,群馬県,下仁田町,しもにたまち,町,下仁田,しもにた
103837,群馬県,南牧村,なんもくむら,村,南牧,なんもく
103845,群馬県,甘楽町,かんらまち,町,甘楽,かんら
104213,群馬県,中之条町,なかのじようまち,町,中之条,なかのじよう
104248,群馬県,長野原町,ながのはらまち,町,長野原,ながのはら
104256,群馬県,嬬恋村,つまごいむら,村,嬬恋,つまごい
104264,群馬県,草津町,くさつまち,町,草津,くさつ
104281,群馬県,高山村,たかやまむら,村,高山,たかやま
104299,群馬県,東吾妻町,ひがしあがつままち,町,東吾妻,ひがしあがつま
104434,群馬県,片品村,かたしなむら,村,片品,かたしな
104442,群馬県,川場村,かわばむら,村,川場,かわば
104485,群馬県,昭和村,しょうわむら,村,昭和,しょうわ
104493,群馬県,みなかみ町,みなかみまち,町,みなかみ,みなかみ
104647,群馬県,玉村町,たまむらまち,町,玉村,たまむら
105210,群馬県,板倉町,いたくらまち,町,板倉,いたくら
105228,群馬県,明和町,めいわまち,町,明和,めいわ
105236,群馬県,千代田町,ちよだまち,町,千代田,ちよだ
105244,群馬県,大泉町,おおいずみまち,町,大泉,おおいずみ
105252,群馬県,邑楽町,おうらまち,町,邑楽,おうら
111007,埼玉県,さいたま市,さいたまし,市,さいたま,さいたま
112011,埼玉県,川越市,かわごえし,市,川越,かわごえ
112020,埼玉県,熊谷市,くまがやし,市,熊谷,くまがや
112038,埼玉県,川口市,かわぐちし,市,川口,かわぐち
112062,埼玉県,行田市,ぎようだし,市,行田,ぎようだ
112071,埼玉県,秩父市,ちちぶし,市,秩父,ちちぶ
112089,埼玉県,所沢市,ところざわし,市,所沢,ところざわ
112097,埼玉県,飯能市,はんのうし,市,飯能,はんのう
112101,埼玉県,加須市,かぞし,市,加須,かぞ
112119,埼玉県,本庄市,ほんじようし,市,本庄,ほんじよう
112127,埼玉県,東松山市,ひがしまつやまし,市,東松山,ひがしまつやま
112143,埼玉県,春日部市,かすかべし,市,春日部,かすかべ
112151,埼玉県,狭山市,さやまし,市,狭山,さやま
112160,埼玉県,羽生市,はにゆうし,市,羽生,はにゆう
112178,埼玉県,鴻巣市,こうのすし,市,鴻巣,こうのす
112186,埼玉県,深谷市,ふかやし,市,深谷,ふかや
112194,埼玉県,上尾市,あげおし,市,上尾,あげお
112216,埼玉県,草加市,そうかし,市,草加,そうか
112224,埼玉県,越谷市,こしがやし,市,越谷,こしがや
112232,埼玉県,蕨市,わらびし,市,蕨,わらび
112241,埼玉県,戸田市,とだし,市,戸田,とだ
112259,埼玉県,入間市,いるまし,市,入間,いるま
112275,埼玉県,朝霞市,あさかし,市,朝霞,あさか
112283,埼玉県,志木市,しきし,市,志木,しき
112291,埼玉県,和光市,わこうし,市,和光,わこう
112305,埼玉県,新座市,にいざし,市,新座,にいざ
112313,埼玉県,桶川市,おけがわし,市,桶川,おけがわ
112321,埼玉県,久喜市,くきし,市,久喜,くき
112330,埼玉県,北本市,きたもとし,市,北本,きたもと
112348,埼玉県,八潮市,やしおし,市,八潮,やしお
112356,埼玉県,富士見市,ふじみし,市,富士見,ふじみ
112372,埼玉県,三郷市,みさとし,市,三郷,みさと
112381,埼玉県,蓮田市,はすだし,市,蓮田,はすだ
112399,埼玉県,坂戸市,さかどし,市,坂戸,さかど
112402,埼玉県,幸手市,さってし,市,幸手,さって
112411,埼玉県,鶴ヶ島市,つるがしまし,市,鶴ヶ島,つるがしま
112429,埼玉県,日高市,ひだかし,市,日高,ひだか
112437,埼玉県,吉川市,よしかわし,市,吉川,よしかわ
112453,埼玉県,ふじみ野市,ふじみのし,市,ふじみ野,ふじみの
112461,埼玉県,白岡市,しらおかし,市,白岡,しらおか
113018,埼玉県,伊奈町,いなまち,町,伊奈,いな
113247,埼玉県,三芳町,みよしまち,町,三芳,みよし
113263,埼玉県,毛呂山町,もろやままち,町,毛呂山,もろやま
113271,埼玉県,越生町,おごせまち,町,越生,おごせ
113417,埼玉県,滑川町,なめがわまち,町,滑川,なめがわ
113425,埼玉県,嵐山町,らんざんまち,町,嵐山,らんざん
113433,埼玉県,小川町,おがわまち,町,小川,おがわ
113468,埼玉県,川島町,かわじままち,町,川島,かわじま
113476,埼玉県,吉見町,よしみまち,町,吉見,よしみ
113484,埼玉県,鳩山町,はとやままち,町,鳩山,はとやま
113492,埼玉県,ときがわ町,ときがわまち,町,ときがわ,ときがわ
113611,埼玉県,横瀬町,よこぜまち,町,横瀬,よこぜ
113620,埼玉県,皆野町,みなのまち,町,皆野,みなの
113638,埼玉県,長瀞町,ながとろまち,町,長瀞,ながとろ
113654,埼玉県,小鹿野町,おがのまち,町,小鹿野,おがの
113697,埼玉県,東秩父村,ひがしちちぶむら,村,東秩父,ひがしちちぶ
113816,埼玉県,美里町,みさとまち,町,美里,みさと
113832,埼玉県,神川町,かみかわまち,町,神川,かみかわ
113859,埼玉県,上里町,かみさとまち,町,上里,かみさと
114081,埼玉県,寄居町,よりいまち,町,寄居,よりい
114421,埼玉県,宮代町,みやしろまち,町,宮代,みやしろ
114642,埼玉県,杉戸町,すぎとまち,町,杉戸,すぎと
114651,埼玉県,松伏町,まつぶしまち,町,松伏,まつぶし
121002,千葉県,千葉市,ちばし,市,千葉,ちば
122025,千葉県,銚子市,ちょうしし,市,銚子,ちょうし
122033,千葉県,市川市,いちかわし,市,市川,いちかわ
122041,千葉県,船橋市,ふなばしし,市,船橋,ふなばし
122050,千葉県,館山市,たてやまし,市,館山,たてやま
122068,千葉県,木更津市,きさらづし,市,木更津,きさらづ
122076,千葉県,松戸市,まつどし,市,松戸,まつど
122084,千葉県,野田市,のだし,市,野田,のだ
122106,千葉県,茂原市,もばらし,市,茂原,もばら
122114,千葉県,成田市,なりたし,市,成田,なりた
122122,千葉県,佐倉市,さくらし,市,佐倉,さくら
122131,千葉県,東金市,とうがねし,市,東金,とうがね
122157,千葉県,旭市,あさひし,市,旭,あさひ
122165,千葉県,習志野市,ならしのし,市,習志野,ならしの
122173,千葉県,柏市,かしわし,市,柏,かしわ
122181,千葉県,勝浦市,かつうらし,市,勝浦,かつうら
122190,千葉県,市原市,いちはらし,市,市原,いちはら
122203,千葉県,流山市,ながれやまし,市,流山,ながれやま
122211,千葉県,八千代市,やちよし,市,八千代,やちよ
122220,千葉県,我孫子市,あびこし,市,我孫子,あびこ
122238,千葉県,鴨川市,かもがわし,市,鴨川,かもがわ
122246,千葉県,鎌ケ谷市,かまがやし,市,鎌ケ谷,かまがや
122254,千葉県,君津市,きみつし,市,君津,きみつ
122262,千葉県,富津市,ふっつし,市,富津,ふっつ
122271,千葉県,浦安市,うらやすし,市,浦安,うらやす
122289,千葉県,四街道市,よつかいどうし,市,四街道,よつかいどう
122297,千葉県,袖ケ浦市,そでがうらし,市,袖ケ浦,そでがうら
122301,千葉県,八街市,やちまたし,市,八街,やちまた
122319,千葉県,印西市,いんざいし,市,印西,いんざい
122327,千葉県,白井市,しろいし,市,白井,しろい
122335,千葉県,富里市,とみさとし,市,富里,とみさと
122343,千葉県,南房総市,みなみぼうそうし,市,南房総,みなみぼうそう
122351,千葉県,匝瑳市,そうさし,市,匝瑳,そうさ
122360,千葉県,香取市,かとりし,市,香取,かとり
122378,千葉県,山武市,さんむし,市,山武,さんむ
122386,千葉県,いすみ市,いすみし,市,いすみ,いすみ
122394,千葉県,大網白里市,おおあみしらさとし,市,大網白里,おおあみしらさと
123226,千葉県,酒々井町,しすいまち,町,酒々井,しすい
123293,千葉県,栄町,さかえまち,町,栄,さかえ
123421,千葉県,神崎町,こうざきまち,町,神崎,こうざき
123471,千葉県,多古町,たこまち,町,多古,たこ
123498,千葉県,東庄町,とうのしょうまち,町,東庄,とうのしょう
124036,千葉県,九十九里町,くじゆうくりまち,町,九十九里,くじゆうくり
124095,千葉県,芝山町,しばやままち,町,芝山,しばやま
124109,千葉県,横芝光町,よこしばひかりまち,町,横芝光,よこしばひかり
124214,千葉県,一宮町,いちのみやまち,町,一宮,いちのみや
124222,千葉県,睦沢町,むつざわまち,町,睦沢,むつざわ
124231,千葉県,長生村,ちょうせいむら,村,長生,ちょうせい
124249,千葉県,白子町,しらこまち,町,白子,しらこ
124265,千葉県,長柄町,ながらまち,町,長柄,ながら
124273,千葉県,長南町,ちょうなんまち,町,長南,ちょうなん
124419,千葉県,大多喜町,おおたきまち,町,大多喜,おおたき
124435,千葉県,御宿町,おんじゆくまち,町,御宿,おんじゆく
124630,千葉県,鋸南町,きよなんまち,町,鋸南,きよなん
132012,東京都,八王子市,はちおうじし,市,八王子,はちおうじ
132021,東京都,立川市,たちかわし,市,立川,たちかわ
132039,東京都,武蔵野市,むさしのし,市,武蔵野,むさしの
132047,東京都,三鷹市,みたかし,市,三鷹,みたか
132055,東京都,青梅市,おうめし,市,青梅,おうめ
132063,東京都,府中市,ふちゅうし,市,府中,ふちゅう
132071,東京都,昭島市,あきしまし,市,昭島,あきしま
132080,東京都,調布市,ちょうふし,市,調布,ちょうふ
132098,東京都,町田市,まちだし,市,町田,まちだ
132101,東京都,小金井市,こがねいし,市,小金井,こがねい
132110,東京都,小平市,こだいらし,市,小平,こだいら
132128,東京都,日野市,ひのし,市,日野,ひの
132136,東京都,東村山市,ひがしむらやまし,市,東村山,ひがしむらやま
132144,東京都,国分寺市,こくぶんじし,市,国分寺,こくぶんじ
132152,東京都,国立市,くにたちし,市,国立,くにたち
132187,東京都,福生市,ふっさし,市,福生,ふっさ
132195,東京都,狛江市,こまえし,市,狛江,こまえ
132209,東京都,東大和市,ひがしやまとし,市,東大和,ひがしやまと
132217,東京都,清瀬市,きよせし,市,清瀬,きよせ
132225,東京都,東久留米市,ひがしくるめし,市,東久留米,ひがしくるめ
132233,東京都,武蔵村山市,むさしむらやまし,市,武蔵村山,むさしむらやま
132241,東京都,多摩市,たまし,市,多摩,たま
132250,東京都,稲城市,いなぎし,市,稲城,いなぎ
132276,東京都,羽村市,はむらし,市,羽村,はむら
132284,東京都,あきる野市,あきるのし,市,あきる野,あきるの
132292,東京都,西東京市,にしとうきょうし,市,西東京,にしとうきょう
133035,東京都,瑞穂町,みずほまち,町,瑞穂,みずほ
133051,東京都,日の出町,ひのでまち,町,日の出,ひので
133078,東京都,檜原村,ひのはらむら,村,檜原,ひのはら
133086,東京都,奥多摩町,おくたままち,町,奥多摩,おくたま
133612,東京都,大島町,おおしままち,町,大島,おおしま
133621,東京都,利島村,としまむら,村,利島,としま
133639,東京都,新島村,にいじまむら,村,新島,にいじま
133647,東京都,神津島村,こうづしまむら,村,神津島,こうづしま
133817,東京都,三宅村,みやけむら,村,三宅,みやけ
133825,東京都,御蔵島村,みくらじまむら,村,御蔵島,みくらじま
134015,東京都,八丈町,はちじょうまち,町,八丈,はちじょう
134023,東京都,青ヶ島村,あおがしまむら,村,青ヶ島,あおがしま
134210,東京都,小笠原村,おがさわらむら,村,小笠原,おがさわら
141003,神奈川県,横浜市,よこはまし,市,横浜,よこはま
141305,神奈川県,川崎市,かわさきし,市,川崎,かわさき
141500,神奈川県,相模原市,さがみはらし,市,相模原,さがみはら
142018,神奈川県,横須賀市,よこすかし,市,横須賀,よこすか
142034,神奈川県,平塚市,ひらつかし,市,平塚,ひらつか
142042,神奈川県,鎌倉市,かまくらし,市,鎌倉,かまくら
142051,神奈川県,藤沢市,ふじさわし,市,藤沢,ふじさわ
142069,神奈川県,小田原市,おだわらし,市,小田原,おだわら
142077,神奈川県,茅ヶ崎市,ちがさきし,市,茅ヶ崎,ちがさき
142085,神奈川県,逗子市,ずしし,市,逗子,ずし
142107,神奈川県,三浦市,みうらし,市,三浦,みうら
142115,神奈川県,秦野市,はだのし,市,秦野,はだの
142123,神奈川県,厚木市,あつぎし,市,厚木,あつぎ
142131,神奈川県,大和市,やまとし,市,大和,やまと
142140,神奈川県,伊勢原市,いせはらし,市,伊勢原,いせはら
142158,神奈川県,海老名市,えびなし,市,海老名,えびな
142166,神奈川県,座間市,ざまし,市,座間,ざま
142174,神奈川県,南足柄市,みなみあしがらし,市,南足柄,みなみあしがら
142182,神奈川県,綾瀬市,あやせし,市,綾瀬,あやせ
143014,神奈川県,葉山町,はやままち,町,葉山,はやま
143219,神奈川県,寒川町,さむかわまち,町,寒川,さむかわ
143413,神奈川県,大磯町,おおいそまち,町,大磯,おおいそ
143421,神奈川県,二宮町,にのみやまち,町,二宮,にのみや
143618,神奈川県,中井町,なかいまち,町,中井,なかい
143626,神奈川県,大井町,おおいまち,町,大井,おおい
143634,神奈川県,松田町,まつだまち,町,松田,まつだ
143642,神奈川県,山北町,やまきたまち,町,山北,やまきた
143669,神奈川県,開成町,かいせいまち,町,開成,かいせい
143821,神奈川県,箱根町,はこねまち,町,箱根,はこね
143839,神奈川県,真鶴町,まなづるまち,町,真鶴,まなづる
143847,神奈川県,湯河原町,ゆがわらまち,町,湯河原,ゆがわら
144011,神奈川県,愛川町,あいかわまち,町,愛川,あいかわ
144029,神奈川県,清川村,きよかわむら,村,清川,きよかわ
151009,新潟県,新潟市,にいがたし,市,新潟,にいがた
152021,新潟県,長岡市,ながおかし,市,長岡,ながおか
152048,新潟県,三条市,さんじょうし,市,三条,さんじょう
152056,新潟県,柏崎市,かしわざきし,市,柏崎,かしわざき
152064,新潟県,新発田市,しばたし,市,新発田,しばた
152081,新潟県,小千谷市,おぢやし,市,小千谷,おぢや
152099,新潟県,加茂市,かもし,市,加茂,かも
152102,新潟県,十日町市,とおかまちし,市,十日町,とおかまち
152111,新潟県,見附市,みつけし,市,見附,みつけ
152129,新潟県,村上市,むらかみし,市,村上,むらかみ
152137,新潟県,燕市,つばめし,市,燕,つばめ
152161,新潟県,糸魚川市,いといがわし,市,糸魚川,いといがわ
152170,新潟県,妙高市,みょうこうし,市,妙高,みょうこう
152188,新潟県,五泉市,ごせんし,市,五泉,ごせん
152226,新潟県,上越市,じょうえつし,市,上越,じょうえつ
152234,新潟県,阿賀野市,あがのし,市,阿賀野,あがの
152242,新潟県,佐渡市,さどし,市,佐渡,さど
152251,新潟県,魚沼市,うおぬまし,市,魚沼,うおぬま
152269,新潟県,南魚沼市,みなみうおぬまし,市,南魚沼,みなみうおぬま
152277,新潟県,胎内市,たいないし,市,胎内,たいない
153079,新潟県,聖籠町,せいろうまち,町,聖籠,せいろう
153427,新潟県,弥彦村,やひこむら,村,弥彦,やひこ
153613,新潟県,田上町,たがみまち,町,田上,たがみ
153851,新潟県,阿賀町,あがまち,町,阿賀,あが
154059,新潟県,出雲崎町,いずもざきまち,町,出雲崎,いずもざき
154610,新潟県,湯沢町,ゆざわまち,町,湯沢,ゆざわ
154822,新潟県,津南町,つなんまち,町,津南,つなん
155047,新潟県,刈羽村,かりわむら,村,刈羽,かりわ
155811,新潟県,関川村,せきかわむら,村,関川,せきかわ
155861,新潟県,粟島浦村,あわしまうらむら,村,粟島浦,あわしまうら
162019,富山県,富山市,とやまし,市,富山,とやま
162027,富山県,高岡市,たかおかし,市,高岡,たかおか
162043,富山県,魚津市,うおづし,市,魚津,うおづ
162051,富山県,氷見市,ひみし,市,氷見,ひみ
162060,富山県,滑川市,なめりかわし,市,滑川,なめりかわ
162078,富山県,黒部市,くろべし,市,黒部,くろべ
162086,富山県,砺波市,となみし,市,砺波,となみ
162094,富山県,小矢部市,おやべし,市,小矢部,おやべ
162108,富山県,南砺市,なんとし,市,南砺,なんと
162116,富山県,射水市,いみずし,市,射水,いみず
163210,富山県,舟橋村,ふなはしむら,村,舟橋,ふなはし
163228,富山県,上市町,かみいちまち,町,上市,かみいち
163236,富山県,立山町,たてやままち,町,立山,たてやま
163422,富山県,入善町,にゅうぜんまち,町,入善,にゅうぜん
163431,富山県,朝日町,あさひまち,町,朝日,あさひ
172014,石川県,金沢市,かなざわし,市,金沢,かなざわ
172022,石川県,七尾市,ななおし,市,七尾,ななお
172031,石川県,小松市,こまつし,市,小松,こまつ
172049,石川県,輪島市,わじまし,市,輪島,わじま
172057,石川県,珠洲市,すずし,市,珠洲,すず
172065,石川県,加賀市,かがし,市,加賀,かが
172073,石川県,羽咋市,はくいし,市,羽咋,はくい
172090,石川県,かほく市,かほくし,市,かほく,かほく
172103,石川県,白山市,はくさんし,市,白山,はくさん
172111,石川県,能美市,のみし,市,能美,のみ
172120,石川県,野々市市,ののいちし,市,野々市,ののいち
173240,石川県,川北町,かわきたまち,町,川北,かわきた
173614,石川県,津幡町,つばたまち,町,津幡,つばた
173657,石川県,内灘町,うちなだまち,町,内灘,うちなだ
173843,石川県,志賀町,しかまち,町,志賀,しか
173860,石川県,宝達志水町,ほうだつしみずちょう,町,宝達志水,ほうだつしみず
174076,石川県,中能登町,なかのとまち,町,中能登,なかのと
174611,石川県,穴水町,あなみずまち,町,穴水,あなみず
174637,石川県,能登町,のとちょう,町,能登,のと
182010,福井県,福井市,ふくいし,市,福井,ふくい
182028,福井県,敦賀市,つるがし,市,敦賀,つるが
182044,福井県,小浜市,おばまし,市,小浜,おばま
182052,福井県,大野市,おおのし,市,大野,おおの
182061,福井県,勝山市,かつやまし,市,勝山,かつやま
182079,福井県,鯖江市,さばえし,市,鯖江,さばえ
182087,福井県,あわら市,あわらし,市,あわら,あわら
182095,福井県,越前市,えちぜんし,市,越前,えちぜん
182109,福井県,坂井市,さかいし,市,坂井,さかい
183229,福井県,永平寺町,えいへいじちょう,町,永平寺,えいへいじ
183822,福井県,池田町,いけだちょう,町,池田,いけだ
184047,福井県,南越前町,みなみえちぜんちょう,町,南越前,みなみえちぜん
184233,福井県,越前町,えちぜんちょう,町,越前,えちぜん
184420,福井県,美浜町,みはまちょう,町,美浜,みはま
184811,福井県,高浜町,たかはまちょう,町,高浜,たかはま
184837,福井県,おおい町,おおいちょう,町,おおい,おおい
185019,福井県,若狭町,わかさちょう,町,若狭,わかさ
192015,山梨県,甲府市,こうふし,市,甲府,こうふ
192023,山梨県,富士吉田市,ふじよしだし,市,富士吉田,ふじよしだ
192040,山梨県,都留市,つるし,市,都留,つる
192058,山梨県,山梨市,やまなしし,市,山梨,やまなし
192066,山梨県,大月市,おおつきし,市,大月,おおつき
192074,山梨県,韮崎市,にらさきし,市,韮崎,にらさき
192082,山梨県,南アルプス市,みなみあるぷすし,市,南アルプス,みなみあるぷす
192091,山梨県,北杜市,ほくとし,市,北杜,ほくと
192104,山梨県,甲斐市,かいし,市,甲斐,かい
192112,山梨県,笛吹市,ふえふきし,市,笛吹,ふえふき
192121,山梨県,上野原市,うえのはらし,市,上野原,うえのはら
192139,山梨県,甲州市,こうしゅうし,市,甲州,こうしゅう
192147,山梨県,中央市,ちゅうおうし,市,中央,ちゅうおう
193461,山梨県,市川三郷町,いちかわみさとちょう,町,市川三郷,いちかわみさと
193640,山梨県,早川町,はやかわちょう,町,早川,はやかわ
193658,山梨県,身延町,みのぶちょう,町,身延,みのぶ
193666,山梨県,南部町,なんぶちょう,町,南部,なんぶ
193682,山梨県,富士川町,ふじかわちょう,町,富士川,ふじかわ
193844,山梨県,昭和町,しょうわちょう,町,昭和,しょうわ
194221,山梨県,道志村,どうしむら,村,道志,どうし
194239,山梨県,西桂町,にしかつらちょう,町,西桂,にしかつら
194247,山梨県,忍野村,おしのむら,村,忍野,おしの
194255,山梨県,山中湖村,やまなかこむら,村,山中湖,やまなかこ
194298,山梨県,鳴沢村,なるさわむら,村,鳴沢,なるさわ
194301,山梨県,富士河口湖町,ふじかわぐちこまち,町,富士河口湖,ふじかわぐちこ
194425,山梨県,小菅村,こすげむら,村,小菅,こすげ
194433,山梨県,丹波山村,たばやまむら,村,丹波山,たばやま
202011,長野県,長野市,ながのし,市,長野,ながの
202029,長野県,松本市,まつもとし,市,松本,まつもと
202037,長野県,上田市,うえだし,市,上田,うえだ
202045,長野県,岡谷市,おかやし,市,岡谷,おかや
202053,長野県,飯田市,いいだし,市,飯田,いいだ
202061,長野県,諏訪市,すわし,市,諏訪,すわ
202070,長野県,須坂市,すざかし,市,須坂,すざか
202088,長野県,小諸市,こもろし,市,小諸,こもろ
202096,長野県,伊那市,いなし,市,伊那,いな
202100,長野県,駒ヶ根市,こまがねし,市,駒ヶ根,こまがね
202118,長野県,中野市,なかのし,市,中野,なかの
202126,長野県,大町市,おおまちし,市,大町,おおまち
202134,長野県,飯山市,いいやまし,市,飯山,いいやま
202142,長野県,茅野市,ちのし,市,茅野,ちの
202151,長野県,塩尻市,しおじりし,市,塩尻,しおじり
202177,長野県,佐久市,さくし,市,佐久,さく
202185,長野県,千曲市,ちくまし,市,千曲,ちくま
202193,長野県,東御市,とうみし,市,東御,とうみ
202207,長野県,安曇野市,あづみのし,市,安曇野,あづみの
203033,長野県,小海町,こうみまち,町,小海,こうみ
203041,長野県,川上村,かわかみむら,村,川上,かわかみ
203050,長野県,南牧村,みなみまきむら,村,南牧,みなみまき
203068,長野県,南相木村,みなみあいきむら,村,南相木,みなみあいき
203076,長野県,北相木村,きたあいきむら,村,北相木,きたあいき
203092,長野県,佐久穂町,さくほまち,町,佐久穂,さくほ
203211,長野県,軽井沢町,かるいざわまち,町,軽井沢,かるいざわ
203238,長野県,御代田町,みよたまち,町,御代田,みよた
203246,長野県,立科町,たてしなまち,町,立科,たてしな
203491,長野県,青木村,あおきむら,村,青木,あおき
203505,長野県,長和町,ながわまち,町,長和,ながわ
203611,長野県,下諏訪町,しもすわまち,町,下諏訪,しもすわ
203629,長野県,富士見町,ふじみまち,町,富士見,ふじみ
203637,長野県,原村,はらむら,村,原,はら
203823,長野県,辰野町,たつのまち,町,辰野,たつの
203831,長野県,箕輪町,みのわまち,町,箕輪,みのわ
203840,長野県,飯島町,いいじままち,町,飯島,いいじま
203858,長野県,南箕輪村,みなみみのわむら,村,南箕輪,みなみみのわ
203866,長野県,中川村,なかがわむら,村,中川,なかがわ
203882,長野県,宮田村,みやだむら,村,宮田,みやだ
204021,長野県,松川町,まつかわまち,町,松川,まつかわ
204030,長野県,高森町,たかもりまち,町,高森,たかもり
204048,長野県,阿南町,あなんちょう,町,阿南,あなん
204072,長野県,阿智村,あちむら,村,阿智,あち
204099,長野県,平谷村,ひらやむら,村,平谷,ひらや
204102,長野県,根羽村,ねばむら,村,根羽,ねば
204111,長野県,下條村,しもじょうむら,村,下條,しもじょう
204129,長野県,売木村,うるぎむら,村,売木,うるぎ
204137,長野県,天龍村,てんりゅうむら,村,天龍,てんりゅう
204145,長野県,泰阜村,やすおかむら,村,泰阜,やすおか
204153,長野県,喬木村,たかぎむら,村,喬木,たかぎ
204161,長野県,豊丘村,とよおかむら,村,豊丘,とよおか
204170,長野県,大鹿村,おおしかむら,村,大鹿,おおしか
204226,長野県,上松町,あげまつまち,町,上松,あげまつ
204234,長野県,南木曽町,なぎそまち,町,南木曽,なぎそ
204251,長野県,木祖村,きそむら,村,木祖,きそ
204293,長野県,王滝村,おうたきむら,村,王滝,おうたき
204307,長野県,大桑村,おおくわむら,村,大桑,おおくわ
204323,長野県,木曽町,きそまち,町,木曽,きそ
204463,長野県,麻績村,おみむら,村,麻績,おみ
204480,長野県,生坂村,いくさかむら,村,生坂,いくさか
204501,長野県,山形村,やまがたむら,村,山形,やまがた
204510,長野県,朝日村,あさひむら,村,朝日,あさひ
204528,長野県,筑北村,ちくほくむら,村,筑北,ちくほく
204811,長野県,池田町,いけだまち,町,池田,いけだ
204820,長野県,松川村,まつかわむら,村,松川,まつかわ
204854,長野県,白馬村,はくばむら,村,白馬,はくば
204862,長野県,小谷村,おたりむら,村,小谷,おたり
205214,長野県,坂城町,さかきまち,町,坂城,さかき
205419,長野県,小布施町,おぶせまち,町,小布施,おぶせ
205435,長野県,高山村,たかやまむら,村,高山,たかやま
205613,長野県,山ノ内町,やまのうちまち,町,山ノ内,やまのうち
205621,長野県,木島平村,きじまだいらむら,村,木島平,きじまだいら
205630,長野県,野沢温泉村,のざわおんせんむら,村,野沢温泉,のざわおんせん
205834,長野県,信濃町,しなのまち,町,信濃,しなの
205885,長野県,小川村,おがわむら,村,小川,おがわ
205907,長野県,飯綱町,いいづなまち,町,飯綱,いいづな
206024,長野県,栄村,さかえむら,村,栄,さかえ
212016,岐阜県,岐阜市,ぎふし,市,岐阜,ぎふ
212024,岐阜県,大垣市,おおがきし,市,大垣,おおがき
212032,岐阜県,高山市,たかやまし,市,高山,たかやま
212041,岐阜県,多治見市,たじみし,市,多治見,たじみ
212059,岐阜県,関市,せきし,市,関,せき
212067,岐阜県,中津川市,なかつがわし,市,中津川,なかつがわ
212075,岐阜県,美濃市,みのし,市,美濃,みの
212083,岐阜県,瑞浪市,みずなみし,市,瑞浪,みずなみ
212091,岐阜県,羽島市,はしまし,市,羽島,はしま
212105,岐阜県,恵那市,えなし,市,恵那,えな
212113,岐阜県,美濃加茂市,みのかもし,市,美濃加茂,みのかも
212121,岐阜県,土岐市,ときし,市,土岐,とき
212130,岐阜県,各務原市,かかみがはらし,市,各務原,かかみがはら
212148,岐阜県,可児市,かにし,市,可児,かに
212156,岐阜県,山県市,やまがたし,市,山県,やまがた
212164,岐阜県,瑞穂市,みずほし,市,瑞穂,みずほ
212172,岐阜県,飛騨市,ひだし,市,飛騨,ひだ
212181,岐阜県,本巣市,もとすし,市,本巣,もとす
212199,岐阜県,郡上市,ぐじょうし,市,郡上,ぐじょう
212202,岐阜県,下呂市,げろし,市,下呂,げろ
212211,岐阜県,海津市,かいづし,市,海津,かいづ
213021,岐阜県,岐南町,ぎなんちょう,町,岐南,ぎなん
213039,岐阜県,笠松町,かさまつちょう,町,笠松,かさまつ
213411,岐阜県,養老町,ようろうちょう,町,養老,ようろう
213616,岐阜県,垂井町,たるいちょう,町,垂井,たるい
213624,岐阜県,関ケ原町,せきがはらちょう,町,関ケ原,せきがはら
213811,岐阜県,神戸町,ごうどちょう,町,神戸,ごうど
213829,岐阜県,輪之内町,わのうちちょう,町,輪之内,わのうち
213837,岐阜県,安八町,あんぱちちょう,町,安八,あんぱち
214019,岐阜県,揖斐川町,いびがわちょう,町,揖斐川,いびがわ
214035,岐阜県,大野町,おおのちょう,町,大野,おおの
214043,岐阜県,池田町,いけだちょう,町,池田,いけだ
214213,岐阜県,北方町,きたがたちょう,町,北方,きたがた
215015,岐阜県,坂祝町,さかほぎちょう,町,坂祝,さかほぎ
215023,岐阜県,富加町,とみかちょう,町,富加,とみか
215031,岐阜県,川辺町,かわべちょう,町,川辺,かわべ
215040,岐阜県,七宗町,ひちそうちょう,町,七宗,ひちそう
215058,岐阜県,八百津町,やおつちょう,町,八百津,やおつ
215066,岐阜県,白川町,しらかわちょう,町,白川,しらかわ
215074,岐阜県,東白川村,ひがししらかわむら,村,東白川,ひがししらかわ
215210,岐阜県,御嵩町,みたけちょう,町,御嵩,みたけ
216046,岐阜県,白川村,しらかわむら,村,白川,しらかわ
221007,静岡県,静岡市,しずおかし,市,静岡,しずおか
221309,静岡県,浜松市,はままつし,市,浜松,はままつ
222038,静岡県,沼津市,ぬまづし,市,沼津,ぬまづ
222054,静岡県,熱海市,あたみし,市,熱海,あたみ
222062,静岡県,三島市,みしまし,市,三島,みしま
222071,静岡県,富士宮市,ふじのみやし,市,富士宮,ふじのみや
222089,静岡県,伊東市,いとうし,市,伊東,いとう
222097,静岡県,島田市,しまだし,市,島田,しまだ
222101,静岡県,富士市,ふじし,市,富士,ふじ
222119,静岡県,磐田市,いわたし,市,磐田,いわた
222127,静岡県,焼津市,やいづし,市,焼津,やいづ
222135,静岡県,掛川市,かけがわし,市,掛川,かけがわ
222143,静岡県,藤枝市,ふじえだし,市,藤枝,ふじえだ
222151,静岡県,御殿場市,ごてんばし,市,御殿場,ごてんば
222160,静岡県,袋井市,ふくろいし,市,袋井,ふくろい
222194,静岡県,下田市,しもだし,市,下田,しもだ
222208,静岡県,裾野市,すそのし,市,裾野,すその
222216,静岡県,湖西市,こさいし,市,湖西,こさい
222224,静岡県,伊豆市,いずし,市,伊豆,いず
222232,静岡県,御前崎市,おまえざきし,市,御前崎,おまえざき
222241,静岡県,菊川市,きくがわし,市,菊川,きくがわ
222259,静岡県,伊豆の国市,いずのくにし,市,伊豆の国,いずのくに
222267,静岡県,牧之原市,まきのはらし,市,牧之原,まきのはら
223018,静岡県,東伊豆町,ひがしいずちょう,町,東伊豆,ひがしいず
223026,静岡県,河津町,かわづちょう,町,河津,かわづ
223042,静岡県,南伊豆町,みなみいずちょう,町,南伊豆,みなみいず
223051,静岡県,松崎町,まつざきちょう,町,松崎,まつざき
223069,静岡県,西伊豆町,にしいずちょう,町,西伊豆,にしいず
223255,静岡県,函南町,かんなみちょう,町,函南,かんなみ
223417,静岡県,清水町,しみずちょう,町,清水,しみず
223425,静岡県,長泉町,ながいずみちょう,町,長泉,ながいずみ
223441,静岡県,小山町,おやまちょう,町,小山,おやま
224243,静岡県,吉田町,よしだちょう,町,吉田,よしだ
224294,静岡県,川根本町,かわねほんちょう,町,川根本,かわねほん
224618,静岡県,森町,もりまち,町,森,もり
231002,愛知県,名古屋市,なごやし,市,名古屋,なごや
232017,愛知県,豊橋市,とよはしし,市,豊橋,とよはし
232025,愛知県,岡崎市,おかざきし,市,岡崎,おかざき
232033,愛知県,一宮市,いちのみやし,市,一宮,いちのみや
232041,愛知県,瀬戸市,せとし,市,瀬戸,せと
232050,愛知県,半田市,はんだし,市,半田,はんだ
232068,愛知県,春日井市,かすがいし,市,春日井,かすがい
232076,愛知県,豊川市,とよかわし,市,豊川,とよかわ
232084,愛知県,津島市,つしまし,市,津島,つしま
232092,愛知県,碧南市,へきなんし,市,碧南,へきなん
232106,愛知県,刈谷市,かりやし,市,刈谷,かりや
232114,愛知県,豊田市,とよたし,市,豊田,とよた
232122,愛知県,安城市,あんじょうし,市,安城,あんじょう
232131,愛知県,西尾市,にしおし,市,西尾,にしお
232149,愛知県,蒲郡市,がまごおりし,市,蒲郡,がまごおり
232157,愛知県,犬山市,いぬやまし,市,犬山,いぬやま
232165,愛知県,常滑市,とこなめし,市,常滑,とこなめ
232173,愛知県,江南市,こうなんし,市,江南,こうなん
232190,愛知県,小牧市,こまきし,市,小牧,こまき
232203,愛知県,稲沢市,いなざわし,市,稲沢,いなざわ
232211,愛知県,新城市,しんしろし,市,新城,しんしろ
232220,愛知県,東海市,とうかいし,市,東海,とうかい
232238,愛知県,大府市,おおぶし,市,大府,おおぶ
232246,愛知県,知多市,ちたし,市,知多,ちた
232254,愛知県,知立市,ちりゅうし,市,知立,ちりゅう
232262,愛知県,尾張旭市,おわりあさひし,市,尾張旭,おわりあさひ
232271,愛知県,高浜市,たかはまし,市,高浜,たかはま
232289,愛知県,岩倉市,いわくらし,市,岩倉,いわくら
232297,愛知県,豊明市,とよあけし,市,豊明,とよあけ
232301,愛知県,日進市,にっしんし,市,日進,にっしん
232319,愛知県,田原市,たはらし,市,田原,たはら
232327,愛知県,愛西市,あいさいし,市,愛西,あいさい
232335,愛知県,清須市,きよすし,市,清須,きよす
232343,愛知県,北名古屋市,きたなごやし,市,北名古屋,きたなごや
232351,愛知県,弥富市,やとみし,市,弥富,やとみ
232360,愛知県,みよし市,みよしし,市,みよし,みよし
232378,愛知県,あま市,あまし,市,あま,あま
232386,愛知県,長久手市,ながくてし,市,長久手,ながくて
233021,愛知県,東郷町,とうごうちょう,町,東郷,とうごう
233421,愛知県,豊山町,とよやまちょう,町,豊山,とよやま
233617,愛知県,大口町,おおぐちちょう,町,大口,おおぐち
233625,愛知県,扶桑町,ふそうちょう,町,扶桑,ふそう
234249,愛知県,大治町,おおはるちょう,町,大治,おおはる
234257,愛知県,蟹江町,かにえちょう,町,蟹江,かにえ
234273,愛知県,飛島村,とびしまむら,村,飛島,とびしま
234419,愛知県,阿久比町,あぐいちょう,町,阿久比,あぐい
234427,愛知県,東浦町,ひがしうらちょう,町,東浦,ひがしうら
234451,愛知県,南知多町,みなみちたちょう,町,南知多,みなみちた
234460,愛知県,美浜町,みはまちょう,町,美浜,みはま
234478,愛知県,武豊町,たけとよちょう,町,武豊,たけとよ
235016,愛知県,幸田町,こうたちょう,町,幸田,こうた
235610,愛知県,設楽町,したらちょう,町,設楽,したら
235628,愛知県,東栄町,とうえいちょう,町,東栄,とうえい
235636,愛知県,豊根村,とよねむら,村,豊根,とよね
242012,三重県,津市,つし,市,津,つ
242021,三重県,四日市市,よっかいちし,市,四日市,よっかいち
242039,三重県,伊勢市,いせし,市,伊勢,いせ
242047,三重県,松阪市,まつさかし,市,松阪,まつさか
242055,三重県,桑名市,くわなし,市,桑名,くわな
242071,三重県,鈴鹿市,すずかし,市,鈴鹿,すずか
242080,三重県,名張市,なばりし,市,名張,なばり
242098,三重県,尾鷲市,おわせし,市,尾鷲,おわせ
242101,三重県,亀山市,かめやまし,市,亀山,かめやま
242110,三重県,鳥羽市,とばし,市,鳥羽,とば
242128,三重県,熊野市,くまのし,市,熊野,くまの
242144,三重県,いなべ市,いなべし,市,いなべ,いなべ
242152,三重県,志摩市,しまし,市,志摩,しま
242161,三重県,伊賀市,いがし,市,伊賀,いが
243035,三重県,木曽岬町,きそさきちょう,町,木曽岬,きそさき
243248,三重県,東員町,とういんちょう,町,東員,とういん
243418,三重県,菰野町,こものちょう,町,菰野,こもの
243434,三重県,朝日町,あさひちょう,町,朝日,あさひ
243442,三重県,川越町,かわごえちょう,町,川越,かわごえ
244414,三重県,多気町,たきちょう,町,多気,たき
244422,三重県,明和町,めいわちょう,町,明和,めいわ
244431,三重県,大台町,おおだいちょう,町,大台,おおだい
244619,三重県,玉城町,たまきちょう,町,玉城,たまき
244708,三重県,度会町,わたらいちょう,町,度会,わたらい
244716,三重県,大紀町,たいきちょう,町,大紀,たいき
244724,三重県,南伊勢町,みなみいせちょう,町,南伊勢,みなみいせ
245437,三重県,紀北町,きほくちょう,町,紀北,きほく
245615,三重県,御浜町,みはまちょう,町,御浜,みはま
245623,三重県,紀宝町,きほうちょう,町,紀宝,きほう
252018,滋賀県,大津市,おおつし,市,大津,おおつ
252026,滋賀県,彦根市,ひこねし,市,彦根,ひこね
252034,滋賀県,長浜市,ながはまし,市,長浜,ながはま
252042,滋賀県,近江八幡市,おうみはちまんし,市,近江八幡,おうみはちまん
252069,滋賀県,草津市,くさつし,市,草津,くさつ
252077,滋賀県,守山市,もりやまし,市,守山,もりやま
252085,滋賀県,栗東市,りっとうし,市,栗東,りっとう
252093,滋賀県,甲賀市,こうかし,市,甲賀,こうか
252107,滋賀県,野洲市,やすし,市,野洲,やす
252115,滋賀県,湖南市,こなんし,市,湖南,こなん
252123,滋賀県,高島市,たかしまし,市,高島,たかしま
252131,滋賀県,東近江市,ひがしおうみし,市,東近江,ひがしおうみ
252140,滋賀県,米原市,まいばらし,市,米原,まいばら
253839,滋賀県,日野町,ひのちょう,町,日野,ひの
253847,滋賀県,竜王町,りゆうおうちょう,町,竜王,りゆうおう
254258,滋賀県,愛荘町,あいしょうちょう,町,愛荘,あいしょう
254410,滋賀県,豊郷町,とよさとちょう,町,豊郷,とよさと
254428,滋賀県,甲良町,こうらちょう,町,甲良,こうら
254436,滋賀県,多賀町,たがちょう,町,多賀,たが
261009,京都府,京都市,きょうとし,市,京都,きょうと
262013,京都府,福知山市,ふくちやまし,市,福知山,ふくちやま
262021,京都府,舞鶴市,まいづるし,市,舞鶴,まいづる
262030,京都府,綾部市,あやべし,市,綾部,あやべ
262048,京都府,宇治市,うじし,市,宇治,うじ
262056,京都府,宮津市,みやづし,市,宮津,みやづ
262064,京都府,亀岡市,かめおかし,市,亀岡,かめおか
262072,京都府,城陽市,じょうようし,市,城陽,じょうよう
262081,京都府,向日市,むこうし,市,向日,むこう
262099,京都府,長岡京市,ながおかきょうし,市,長岡京,ながおかきょう
262102,京都府,八幡市,やわたし,市,八幡,やわた
262111,京都府,京田辺市,きょうたなべし,市,京田辺,きょうたなべ
262129,京都府,京丹後市,きょうたんごし,市,京丹後,きょうたんご
262137,京都府,南丹市,なんたんし,市,南丹,なんたん
262145,京都府,木津川市,きづがわし,市,木津川,きづがわ
263036,京都府,大山崎町,おおやまざきちょう,町,大山崎,おおやまざき
263222,京都府,久御山町,くみやまちょう,町,久御山,くみやま
263435,京都府,井手町,いでちょう,町,井手,いで
263443,京都府,宇治田原町,うじたわらちょう,町,宇治田原,うじたわら
263648,京都府,笠置町,かさぎちょう,町,笠置,かさぎ
263656,京都府,和束町,わづかちょう,町,和束,わづか
263664,京都府,精華町,せいかちょう,町,精華,せいか
263672,京都府,南山城村,みなみやましろむら,村,南山城,みなみやましろ
264075,京都府,京丹波町,きょうたんばちょう,町,京丹波,きょうたんば
264636,京都府,伊根町,いねちょう,町,伊根,いね
264652,京都府,与謝野町,よさのちょう,町,与謝野,よさの
271004,大阪府,大阪市,おおさかし,市,大阪,おおさか
271403,大阪府,堺市,さかいし,市,堺,さかい
272027,大阪府,岸和田市,きしわだし,市,岸和田,きしわだ
272035,大阪府,豊中市,とよなかし,市,豊中,とよなか
272043,大阪府,池田市,いけだし,市,池田,いけだ
272051,大阪府,吹田市,すいたし,市,吹田,すいた
272060,大阪府,泉大津市,いずみおおつし,市,泉大津,いずみおおつ
272078,大阪府,高槻市,たかつきし,市,高槻,たかつき
272086,大阪府,貝塚市,かいづかし,市,貝塚,かいづか
272094,大阪府,守口市,もりぐちし,市,守口,もりぐち
272108,大阪府,枚方市,ひらかたし,市,枚方,ひらかた
272116,大阪府,茨木市,いばらきし,市,茨木,いばらき
272124,大阪府,八尾市,やおし,市,八尾,やお
272132,大阪府,泉佐野市,いずみさのし,市,泉佐野,いずみさの
272141,大阪府,富田林市,とんだばやしし,市,富田林,とんだばやし
272159,大阪府,寝屋川市,ねやがわし,市,寝屋川,ねやがわ
272167,大阪府,河内長野市,かわちながのし,市,河内長野,かわちながの
272175,大阪府,松原市,まつばらし,市,松原,まつばら
272183,大阪府,大東市,だいとうし,市,大東,だいとう
272191,大阪府,和泉市,いずみし,市,和泉,いずみ
272205,大阪府,箕面市,みのおし,市,箕面,みのお
272213,大阪府,柏原市,かしわらし,市,柏原,かしわら
272221,大阪府,羽曳野市,はびきのし,市,羽曳野,はびきの
272230,大阪府,門真市,かどまし,市,門真,かどま
272248,大阪府,摂津市,せっつし,市,摂津,せっつ
272256,大阪府,高石市,たかいしし,市,高石,たかいし
272264,大阪府,藤井寺市,ふじいでらし,市,藤井寺,ふじいでら
272272,大阪府,東大阪市,ひがしおおさかし,市,東大阪,ひがしおおさか
272281,大阪府,泉南市,せんなんし,市,泉南,せんなん
272299,大阪府,四條畷市,しじようなわてし,市,四條畷,しじようなわて
272302,大阪府,交野市,かたのし,市,交野,かたの
272311,大阪府,大阪狭山市,おおさかさやまし,市,大阪狭山,おおさかさやま
272329,大阪府,阪南市,はんなんし,市,阪南,はんなん
273015,大阪府,島本町,しまもとちょう,町,島本,しまもと
273210,大阪府,豊能町,とよのちょう,町,豊能,とよの
273228,大阪府,能勢町,のせちょう,町,能勢,のせ
273414,大阪府,忠岡町,ただおかちょう,町,忠岡,ただおか
273619,大阪府,熊取町,くまとりちょう,町,熊取,くまとり
273627,大阪府,田尻町,たじりちょう,町,田尻,たじり
273660,大阪府,岬町,みさきちょう,町,岬,みさき
273813,大阪府,太子町,たいしちょう,町,太子,たいし
273821,大阪府,河南町,かなんちょう,町,河南,かなん
273830,大阪府,千早赤阪村,ちはやあかさかむら,村,千早赤阪,ちはやあかさか
281000,兵庫県,神戸市,こうべし,市,神戸,こうべ
282014,兵庫県,姫路市,ひめじし,市,姫路,ひめじ
282022,兵庫県,尼崎市,あまがさきし,市,尼崎,あまがさき
282031,兵庫県,明石市,あかしし,市,明石,あかし
282049,兵庫県,西宮市,にしのみやし,市,西宮,にしのみや
282057,兵庫県,洲本市,すもとし,市,洲本,すもと
282065,兵庫県,芦屋市,あしやし,市,芦屋,あしや
282073,兵庫県,伊丹市,いたみし,市,伊丹,いたみ
282081,兵庫県,相生市,あいおいし,市,相生,あいおい
282090,兵庫県,豊岡市,とよおかし,市,豊岡,とよおか
282103,兵庫県,加古川市,かこがわし,市,加古川,かこがわ
282120,兵庫県,赤穂市,あこうし,市,赤穂,あこう
282138,兵庫県,西脇市,にしわきし,市,西脇,にしわき
282146,兵庫県,宝塚市,たからづかし,市,宝塚,たからづか
282154,兵庫県,三木市,みきし,市,三木,みき
282162,兵庫県,高砂市,たかさごし,市,高砂,たかさご
282171,兵庫県,川西市,かわにしし,市,川西,かわにし
282189,兵庫県,小野市,おのし,市,小野,おの
282197,兵庫県,三田市,さんだし,市,三田,さんだ
282201,兵庫県,加西市,かさいし,市,加西,かさい
282219,兵庫県,丹波篠山市,たんばささやまし,市,丹波篠山,たんばささやま
282227,兵庫県,養父市,やぶし,市,養父,やぶ
282235,兵庫県,丹波市,たんばし,市,丹波,たんば
282243,兵庫県,南あわじ市,みなみあわじし,市,南あわじ,みなみあわじ
282251,兵庫県,朝来市,あさごし,市,朝来,あさご
282260,兵庫県,淡路市,あわじし,市,淡路,あわじ
282278,兵庫県,宍粟市,しそうし,市,宍粟,しそう
282286,兵庫県,加東市,かとうし,市,加東,かとう
282294,兵庫県,たつの市,たつのし,市,たつの,たつの
283011,兵庫県,猪名川町,いながわちょう,町,猪名川,いながわ
283657,兵庫県,多可町,たかちょう,町,多可,たか
283819,兵庫県,稲美町,いなみちょう,町,稲美,いなみ
283827,兵庫県,播磨町,はりまちょう,町,播磨,はりま
284424,兵庫県,市川町,いちかわちょう,町,市川,いちかわ
284432,兵庫県,福崎町,ふくさきちょう,町,福崎,ふくさき
284467,兵庫県,神河町,かみかわちょう,町,神河,かみかわ
284645,兵庫県,太子町,たいしちょう,町,太子,たいし
284815,兵庫県,上郡町,かみごおりちょう,町,上郡,かみごおり
285013,兵庫県,佐用町,さようちょう,町,佐用,さよう
285854,兵庫県,香美町,かみちょう,町,香美,かみ
285862,兵庫県,新温泉町,しんおんせんちょう,町,新温泉,しんおんせん
292010,奈良県,奈良市,ならし,市,奈良,なら
292028,奈良県,大和高田市,やまとたかだし,市,大和高田,やまとたかだ
292036,奈良県,大和郡山市,やまとこおりやまし,市,大和郡山,やまとこおりやま
292044,奈良県,天理市,てんりし,市,天理,てんり
292052,奈良県,橿原市,かしはらし,市,橿原,かしはら
292061,奈良県,桜井市,さくらいし,市,桜井,さくらい
292079,奈良県,五條市,ごじょうし,市,五條,ごじょう
292087,奈良県,御所市,ごせし,市,御所,ごせ
292095,奈良県,生駒市,いこまし,市,生駒,いこま
292109,奈良県,香芝市,かしばし,市,香芝,かしば
292117,奈良県,葛城市,かつらぎし,市,葛城,かつらぎ
292125,奈良県,宇陀市,うだし,市,宇陀,うだ
293229,奈良県,山添村,やまぞえむら,村,山添,やまぞえ
293423,奈良県,平群町,へぐりちょう,町,平群,へぐり
293431,奈良県,三郷町,さんごうちょう,町,三郷,さんごう
293440,奈良県,斑鳩町,いかるがちょう,町,斑鳩,いかるが
293458,奈良県,安堵町,あんどちょう,町,安堵,あんど
293610,奈良県,川西町,かわにしちょう,町,川西,かわにし
293628,奈良県,三宅町,みやけちょう,町,三宅,みやけ
293636,奈良県,田原本町,たわらもとちょう,町,田原本,たわらもと
293857,奈良県,曽爾村,そにむら,村,曽爾,そに
293865,奈良県,御杖村,みつえむら,村,御杖,みつえ
294012,奈良県,高取町,たかとりちょう,町,高取,たかとり
294021,奈良県,明日香村,あすかむら,村,明日香,あすか
294241,奈良県,上牧町,かんまきちょう,町,上牧,かんまき
294250,奈良県,王寺町,おうじちょう,町,王寺,おうじ
294268,奈良県,広陵町,こうりようちょう,町,広陵,こうりよう
294276,奈良県,河合町,かわいちょう,町,河合,かわい
294411,奈良県,吉野町,よしのちょう,町,吉野,よしの
294420,奈良県,大淀町,おおよどちょう,町,大淀,おおよど
294438,奈良県,下市町,しもいちちょう,町,下市,しもいち
294446,奈良県,黒滝村,くろたきむら,村,黒滝,くろたき
294462,奈良県,天川村,てんかわむら,村,天川,てんかわ
294471,奈良県,野迫川村,のせがわむら,村,野迫川,のせがわ
294497,奈良県,十津川村,とつかわむら,村,十津川,とつかわ
294501,奈良県,下北山村,しもきたやまむら,村,下北山,しもきたやま
294519,奈良県,上北山村,かみきたやまむら,村,上北山,かみきたやま
294527,奈良県,川上村,かわかみむら,村,川上,かわかみ
294535,奈良県,東吉野村,ひがしよしのむら,村,東吉野,ひがしよしの
302015,和歌山県,和歌山市,わかやまし,市,和歌山,わかやま
302023,和歌山県,海南市,かいなんし,市,海南,かいなん
302031,和歌山県,橋本市,はしもとし,市,橋本,はしもと
302040,和歌山県,有田市,ありだし,市,有田,ありだ
302058,和歌山県,御坊市,ごぼうし,市,御坊,ごぼう
302066,和歌山県,田辺市,たなべし,市,田辺,たなべ
302074,和歌山県,新宮市,しんぐうし,市,新宮,しんぐう
302082,和歌山県,紀の川市,きのかわし,市,紀の川,きのかわ
302091,和歌山県,岩出市,いわでし,市,岩出,いわで
303046,和歌山県,紀美野町,きみのちょう,町,紀美野,きみの
303411,和歌山県,かつらぎ町,かつらぎちょう,町,かつらぎ,かつらぎ
303437,和歌山県,九度山町,くどやまちょう,町,九度山,くどやま
303445,和歌山県,高野町,こうやちょう,町,高野,こうや
303615,和歌山県,湯浅町,ゆあさちょう,町,湯浅,ゆあさ
303623,和歌山県,広川町,ひろがわちょう,町,広川,ひろがわ
303666,和歌山県,有田川町,ありだがわちょう,町,有田川,ありだがわ
303810,和歌山県,美浜町,みはまちょう,町,美浜,みはま
303828,和歌山県,日高町,ひだかちょう,町,日高,ひだか
303836,和歌山県,由良町,ゆらちょう,町,由良,ゆら
303909,和歌山県,印南町,いなみちょう,町,印南,いなみ
303917,和歌山県,みなべ町,みなべちょう,町,みなべ,みなべ
303925,和歌山県,日高川町,ひだかがわちょう,町,日高川,ひだかがわ
304018,和歌山県,白浜町,しらはまちょう,町,白浜,しらはま
304042,和歌山県,上富田町,かみとんだちょう,町,上富田,かみとんだ
304069,和歌山県,すさみ町,すさみちょう,町,すさみ,すさみ
304212,和歌山県,那智勝浦町,なちかつうらちょう,町,那智勝浦,なちかつうら
304221,和歌山県,太地町,たいじちょう,町,太地,たいじ
304247,和歌山県,古座川町,こざがわちょう,町,古座川,こざがわ
304271,和歌山県,北山村,きたやまむら,村,北山,きたやま
304280,和歌山県,串本町,くしもとちょう,町,串本,くしもと
312011,鳥取県,鳥取市,とっとりし,市,鳥取,とっとり
312029,鳥取県,米子市,よなごし,市,米子,よなご
312037,鳥取県,倉吉市,くらよしし,市,倉吉,くらよし
312045,鳥取県,境港市,さかいみなとし,市,境港,さかいみなと
313025,鳥取県,岩美町,いわみちょう,町,岩美,いわみ
313254,鳥取県,若桜町,わかさちょう,町,若桜,わかさ
313289,鳥取県,智頭町,ちづちょう,町,智頭,ちづ
313297,鳥取県,八頭町,やずちょう,町,八頭,やず
313645,鳥取県,三朝町,みささちょう,町,三朝,みささ
313700,鳥取県,湯梨浜町,ゆりはまちょう,町,湯梨浜,ゆりはま
313718,鳥取県,琴浦町,ことうらちょう,町,琴浦,ことうら
313726,鳥取県,北栄町,ほくえいちょう,町,北栄,ほくえい
313840,鳥取県,日吉津村,ひえづそん,村,日吉津,ひえづ
313866,鳥取県,大山町,だいせんちょう,町,大山,だいせん
313891,鳥取県,南部町,なんぶちょう,町,南部,なんぶ
313904,鳥取県,伯耆町,ほうきちょう,町,伯耆,ほうき
314013,鳥取県,日南町,にちなんちょう,町,日南,にちなん
314021,鳥取県,日野町,ひのちょう,町,日野,ひの
314030,鳥取県,江府町,こうふちょう,町,江府,こうふ
322016,島根県,松江市,まつえし,市,松江,まつえ
322024,島根県,浜田市,はまだし,市,浜田,はまだ
322032,島根県,出雲市,いずもし,市,出雲,いずも
322041,島根県,益田市,ますだし,市,益田,ますだ
322059,島根県,大田市,おおだし,市,大田,おおだ
322067,島根県,安来市,やすぎし,市,安来,やすぎ
322075,島根県,江津市,ごうつし,市,江津,ごうつ
322091,島根県,雲南市,うんなんし,市,雲南,うんなん
323438,島根県,奥出雲町,おくいずもちょう,町,奥出雲,おくいずも
323861,島根県,飯南町,いいなんちょう,町,飯南,いいなん
324418,島根県,川本町,かわもとまち,町,川本,かわもと
324485,島根県,美郷町,みさとちょう,町,美郷,みさと
324493,島根県,邑南町,おおなんちょう,町,邑南,おおなん
325015,島根県,津和野町,つわのちょう,町,津和野,つわの
325058,島根県,吉賀町,よしかちょう,町,吉賀,よしか
325252,島根県,海士町,あまちょう,町,海士,あま
325261,島根県,西ノ島町,にしのしまちょう,町,西ノ島,にしのしま
325279,島根県,知夫村,ちぶむら,村,知夫,ちぶ
325287,島根県,隠岐の島町,おきのしまちょう,町,隠岐の島,おきのしま
331007,岡山県,岡山市,おかやまし,市,岡山,おかやま
332020,岡山県,倉敷市,くらしきし,市,倉敷,くらしき
332038,岡山県,津山市,つやまし,市,津山,つやま
332046,岡山県,玉野市,たまのし,市,玉野,たまの
332054,岡山県,笠岡市,かさおかし,市,笠岡,かさおか
332071,岡山県,井原市,いばらし,市,井原,いばら
332089,岡山県,総社市,そうじやし,市,総社,そうじや
332097,岡山県,高梁市,たかはしし,市,高梁,たかはし
332101,岡山県,新見市,にいみし,市,新見,にいみ
332119,岡山県,備前市,びぜんし,市,備前,びぜん
332127,岡山県,瀬戸内市,せとうちし,市,瀬戸内,せとうち
332135,岡山県,赤磐市,あかいわし,市,赤磐,あかいわ
332143,岡山県,真庭市,まにわし,市,真庭,まにわ
332151,岡山県,美作市,みまさかし,市,美作,みまさか
332160,岡山県,浅口市,あさくちし,市,浅口,あさくち
333468,岡山県,和気町,わけちょう,町,和気,わけ
334235,岡山県,早島町,はやしまちょう,町,早島,はやしま
334456,岡山県,里庄町,さとしょうちょう,町,里庄,さとしょう
334618,岡山県,矢掛町,やかげちょう,町,矢掛,やかげ
335860,岡山県,新庄村,しんじようそん,村,新庄,しんじよう
336068,岡山県,鏡野町,かがみのちょう,町,鏡野,かがみの
336220,岡山県,勝央町,しょうおうちょう,町,勝央,しょうおう
336238,岡山県,奈義町,なぎちょう,町,奈義,なぎ
336432,岡山県,西粟倉村,にしあわくらそん,村,西粟倉,にしあわくら
336637,岡山県,久米南町,くめなんちょう,町,久米南,くめなん
336661,岡山県,美咲町,みさきちょう,町,美咲,みさき
336815,岡山県,吉備中央町,きびちゅうおうちょう,町,吉備中央,きびちゅうおう
341002,広島県,広島市,ひろしまし,市,広島,ひろしま
342025,広島県,呉市,くれし,市,呉,くれ
342033,広島県,竹原市,たけはらし,市,竹原,たけはら
342041,広島県,三原市,みはらし,市,三原,みはら
342050,広島県,尾道市,おのみちし,市,尾道,おのみち
342076,広島県,福山市,ふくやまし,市,福山,ふくやま
342084,広島県,府中市,ふちゅうし,市,府中,ふちゅう
342092,広島県,三次市,みよしし,市,三次,みよし
342106,広島県,庄原市,しょうばらし,市,庄原,しょうばら
342114,広島県,大竹市,おおたけし,市,大竹,おおたけ
342122,広島県,東広島市,ひがしひろしまし,市,東広島,ひがしひろしま
342131,広島県,廿日市市,はつかいちし,市,廿日市,はつかいち
342149,広島県,安芸高田市,あきたかたし,市,安芸高田,あきたかた
342157,広島県,江田島市,えたじまし,市,江田島,えたじま
343021,広島県,府中町,ふちゅうちょう,町,府中,ふちゅう
343048,広島県,海田町,かいたちょう,町,海田,かいた
343072,広島県,熊野町,くまのちょう,町,熊野,くまの
343099,広島県,坂町,さかちょう,町,坂,さか
343684,広島県,安芸太田町,あきおおたちょう,町,安芸太田,あきおおた
343692,広島県,北広島町,きたひろしまちょう,町,北広島,きたひろしま
344311,広島県,大崎上島町,おおさきかみじまちょう,町,大崎上島,おおさきかみじま
344621,広島県,世羅町,せらちょう,町,世羅,せら
345458,広島県,神石高原町,じんせきこうげんちょう,町,神石高原,じんせきこうげん
352012,山口県,下関市,しものせきし,市,下関,しものせき
352021,山口県,宇部市,うべし,市,宇部,うべ
352039,山口県,山口市,やまぐちし,市,山口,やまぐち
352047,山口県,萩市,はぎし,市,萩,はぎ
352063,山口県,防府市,ほうふし,市,防府,ほうふ
352071,山口県,下松市,くだまつし,市,下松,くだまつ
352080,山口県,岩国市,いわくにし,市,岩国,いわくに
352101,山口県,光市,ひかりし,市,光,ひかり
352110,山口県,長門市,ながとし,市,長門,ながと
352128,山口県,柳井市,やないし,市,柳井,やない
352136,山口県,美祢市,みねし,市,美祢,みね
352152,山口県,周南市,しゅうなんし,市,周南,しゅうなん
352161,山口県,山陽小野田市,さんようおのだし,市,山陽小野田,さんようおのだ
353051,山口県,周防大島町,すおうおおしまちょう,町,周防大島,すおうおおしま
353213,山口県,和木町,わきちょう,町,和木,わき
353418,山口県,上関町,かみのせきちょう,町,上関,かみのせき
353434,山口県,田布施町,たぶせちょう,町,田布施,たぶせ
353442,山口県,平生町,ひらおちょう,町,平生,ひらお
355020,山口県,阿武町,あぶちょう,町,阿武,あぶ
362018,徳島県,徳島市,とくしまし,市,徳島,とくしま
362026,徳島県,鳴門市,なるとし,市,鳴門,なると
362034,徳島県,小松島市,こまつしまし,市,小松島,こまつしま
362042,徳島県,阿南市,あなんし,市,阿南,あなん
362051,徳島県,吉野川市,よしのがわし,市,吉野川,よしのがわ
362069,徳島県,阿波市,あわし,市,阿波,あわ
362077,徳島県,美馬市,みまし,市,美馬,みま
362085,徳島県,三好市,みよしし,市,三好,みよし
363014,徳島県,勝浦町,かつうらちょう,町,勝浦,かつうら
363022,徳島県,上勝町,かみかつちょう,町,上勝,かみかつ
363219,徳島県,佐那河内村,さなごうちそん,村,佐那河内,さなごうち
363413,徳島県,石井町,いしいちょう,町,石井,いしい
363421,徳島県,神山町,かみやまちょう,町,神山,かみやま
363685,徳島県,那賀町,なかちょう,町,那賀,なか
363839,徳島県,牟岐町,むぎちょう,町,牟岐,むぎ
363871,徳島県,美波町,みなみちょう,町,美波,みなみ
363880,徳島県,海陽町,かいようちょう,町,海陽,かいよう
364011,徳島県,松茂町,まつしげちょう,町,松茂,まつしげ
364029,徳島県,北島町,きたじまちょう,町,北島,きたじま
364037,徳島県,藍住町,あいずみちょう,町,藍住,あいずみ
364045,徳島県,板野町,いたのちょう,町,板野,いたの
364053,徳島県,上板町,かみいたちょう,町,上板,かみいた
364681,徳島県,つるぎ町,つるぎちょう,町,つるぎ,つるぎ
364894,徳島県,東みよし町,ひがしみよしちょう,町,東みよし,ひがしみよし
372013,香川県,高松市,たかまつし,市,高松,たかまつ
372021,香川県,丸亀市,まるがめし,市,丸亀,まるがめ
372030,香川県,坂出市,さかいでし,市,坂出,さかいで
372048,香川県,善通寺市,ぜんつうじし,市,善通寺,ぜんつうじ
372056,香川県,観音寺市,かんおんじし,市,観音寺,かんおんじ
372064,香川県,さぬき市,さぬきし,市,さぬき,さぬき
372072,香川県,東かがわ市,ひがしかがわし,市,東かがわ,ひがしかがわ
372081,香川県,三豊市,みとよし,市,三豊,みとよ
373222,香川県,土庄町,とのしょうちょう,町,土庄,とのしょう
373249,香川県,小豆島町,しょうどしまちょう,町,小豆島,しょうどしま
373419,香川県,三木町,みきちょう,町,三木,みき
373648,香川県,直島町,なおしまちょう,町,直島,なおしま
373869,香川県,宇多津町,うたづちょう,町,宇多津,うたづ
373877,香川県,綾川町,あやがわちょう,町,綾川,あやがわ
374032,香川県,琴平町,ことひらちょう,町,琴平,ことひら
374041,香川県,多度津町,たどつちょう,町,多度津,たどつ
374067,香川県,まんのう町,まんのうちょう,町,まんのう,まんのう
382019,愛媛県,松山市,まつやまし,市,松山,まつやま
382027,愛媛県,今治市,いまばりし,市,今治,いまばり
382035,愛媛県,宇和島市,うわじまし,市,宇和島,うわじま
382043,愛媛県,八幡浜市,やわたはまし,市,八幡浜,やわたはま
382051,愛媛県,新居浜市,にいはまし,市,新居浜,にいはま
382060,愛媛県,西条市,さいじょうし,市,西条,さいじょう
382078,愛媛県,大洲市,おおずし,市,大洲,おおず
382108,愛媛県,伊予市,いよし,市,伊予,いよ
382132,愛媛県,四国中央市,しこくちゅうおうし,市,四国中央,しこくちゅうおう
382141,愛媛県,西予市,せいよし,市,西予,せいよ
382159,愛媛県,東温市,とうおんし,市,東温,とうおん
383562,愛媛県,上島町,かみじまちょう,町,上島,かみじま
383864,愛媛県,久万高原町,くまこうげんちょう,町,久万高原,くまこうげん
384011,愛媛県,松前町,まさきちょう,町,松前,まさき
384020,愛媛県,砥部町,とべちょう,町,砥部,とべ
384224,愛媛県,内子町,うちこちょう,町,内子,うちこ
384429,愛媛県,伊方町,いかたちょう,町,伊方,いかた
384844,愛媛県,松野町,まつのちょう,町,松野,まつの
384887,愛媛県,鬼北町,きほくちょう,町,鬼北,きほく
385069,愛媛県,愛南町,あいなんちょう,町,愛南,あいなん
392014,高知県,高知市,こうちし,市,高知,こうち
392022,高知県,室戸市,むろとし,市,室戸,むろと
392031,高知県,安芸市,あきし,市,安芸,あき
392049,高知県,南国市,なんこくし,市,南国,なんこく
392057,高知県,土佐市,とさし,市,土佐,とさ
392065,高知県,須崎市,すさきし,市,須崎,すさき
392081,高知県,宿毛市,すくもし,市,宿毛,すくも
392090,高知県,土佐清水市,とさしみずし,市,土佐清水,とさしみず
392103,高知県,四万十市,しまんとし,市,四万十,しまんと
392111,高知県,香南市,こうなんし,市,香南,こうなん
392120,高知県,香美市,かみし,市,香美,かみ
393011,高知県,東洋町,とうようちょう,町,東洋,とうよう
393029,高知県,奈半利町,なはりちょう,町,奈半利,なはり
393037,高知県,田野町,たのちょう,町,田野,たの
393045,高知県,安田町,やすだちょう,町,安田,やすだ
393053,高知県,北川村,きたがわむら,村,北川,きたがわ
393061,高知県,馬路村,うまじむら,村,馬路,うまじ
393070,高知県,芸西村,げいせいむら,村,芸西,げいせい
393410,高知県,本山町,もとやまちょう,町,本山,もとやま
393444,高知県,大豊町,おおとよちょう,町,大豊,おおとよ
393631,高知県,土佐町,とさちょう,町,土佐,とさ
393649,高知県,大川村,おおかわむら,村,大川,おおかわ
393860,高知県,いの町,いのちょう,町,いの,いの
393878,高知県,仁淀川町,によどがわちょう,町,仁淀川,によどがわ
394017,高知県,中土佐町,なかとさちょう,町,中土佐,なかとさ
394025,高知県,佐川町,さかわちょう,町,佐川,さかわ
394033,高知県,越知町,おちちょう,町,越知,おち
394050,高知県,梼原町,ゆすはらちょう,町,梼原,ゆすはら
394106,高知県,日高村,ひだかむら,村,日高,ひだか
394114,高知県,津野町,つのちょう,町,津野,つの
394122,高知県,四万十町,しまんとちょう,町,四万十,しまんと
394246,高知県,大月町,おおつきちょう,町,大月,おおつき
394271,高知県,三原村,みはらむら,村,三原,みはら
394289,高知県,黒潮町,くろしおちょう,町,黒潮,くろしお
401005,福岡県,北九州市,きたきゅうしゅうし,市,北九州,きたきゅうしゅう
401307,福岡県,福岡市,ふくおかし,市,福岡,ふくおか
402028,福岡県,大牟田市,おおむたし,市,大牟田,おおむた
402036,福岡県,久留米市,くるめし,市,久留米,くるめ
402044,福岡県,直方市,のおがたし,市,直方,のおがた
402052,福岡県,飯塚市,いいづかし,市,飯塚,いいづか
402061,福岡県,田川市,たがわし,市,田川,たがわ
402079,福岡県,柳川市,やながわし,市,柳川,やながわ
402109,福岡県,八女市,やめし,市,八女,やめ
402117,福岡県,筑後市,ちくごし,市,筑後,ちくご
402125,福岡県,大川市,おおかわし,市,大川,おおかわ
402133,福岡県,行橋市,ゆくはしし,市,行橋,ゆくはし
402141,福岡県,豊前市,ぶぜんし,市,豊前,ぶぜん
402150,福岡県,中間市,なかまし,市,中間,なかま
402168,福岡県,小郡市,おごおりし,市,小郡,おごおり
402176,福岡県,筑紫野市,ちくしのし,市,筑紫野,ちくしの
402184,福岡県,春日市,かすがし,市,春日,かすが
402192,福岡県,大野城市,おおのじょうし,市,大野城,おおのじょう
402206,福岡県,宗像市,むなかたし,市,宗像,むなかた
402214,福岡県,太宰府市,だざいふし,市,太宰府,だざいふ
402231,福岡県,古賀市,こがし,市,古賀,こが
402249,福岡県,福津市,ふくつし,市,福津,ふくつ
402257,福岡県,うきは市,うきはし,市,うきは,うきは
402265,福岡県,宮若市,みやわかし,市,宮若,みやわか
402273,福岡県,嘉麻市,かまし,市,嘉麻,かま
402281,福岡県,朝倉市,あさくらし,市,朝倉,あさくら
402290,福岡県,みやま市,みやまし,市,みやま,みやま
402303,福岡県,糸島市,いとしまし,市,糸島,いとしま
402311,福岡県,那珂川市,なかがわし,市,那珂川,なかがわ
403415,福岡県,宇美町,うみまち,町,宇美,うみ
403423,福岡県,篠栗町,ささぐりまち,町,篠栗,ささぐり
403431,福岡県,志免町,しめまち,町,志免,しめ
403440,福岡県,須恵町,すえまち,町,須恵,すえ
403458,福岡県,新宮町,しんぐうまち,町,新宮,しんぐう
403482,福岡県,久山町,ひさやままち,町,久山,ひさやま
403491,福岡県,粕屋町,かすやまち,町,粕屋,かすや
403814,福岡県,芦屋町,あしやまち,町,芦屋,あしや
403822,福岡県,水巻町,みずまきまち,町,水巻,みずまき
403831,福岡県,岡垣町,おかがきまち,町,岡垣,おかがき
403849,福岡県,遠賀町,おんがちょう,町,遠賀,おんが
404012,福岡県,小竹町,こたけまち,町,小竹,こたけ
404021,福岡県,鞍手町,くらてまち,町,鞍手,くらて
404217,福岡県,桂川町,けいせんまち,町,桂川,けいせん
404471,福岡県,筑前町,ちくぜんまち,町,筑前,ちくぜん
404489,福岡県,東峰村,とうほうむら,村,東峰,とうほう
405035,福岡県,大刀洗町,たちあらいまち,町,大刀洗,たちあらい
405221,福岡県,大木町,おおきまち,町,大木,おおき
405442,福岡県,広川町,ひろかわまち,町,広川,ひろかわ
406015,福岡県,香春町,かわらまち,町,香春,かわら
406023,福岡県,添田町,そえだまち,町,添田,そえだ
406040,福岡県,糸田町,いとだまち,町,糸田,いとだ
406058,福岡県,川崎町,かわさきまち,町,川崎,かわさき
406082,福岡県,大任町,おおとうまち,町,大任,おおとう
406091,福岡県,赤村,あかむら,村,赤,あか
406104,福岡県,福智町,ふくちまち,町,福智,ふくち
406210,福岡県,苅田町,かんだまち,町,苅田,かんだ
406252,福岡県,みやこ町,みやこまち,町,みやこ,みやこ
406422,福岡県,吉富町,よしとみまち,町,吉富,よしとみ
406465,福岡県,上毛町,こうげまち,町,上毛,こうげ
406473,福岡県,築上町,ちくじょうまち,町,築上,ちくじょう
412015,佐賀県,佐賀市,さがし,市,佐賀,さが
412023,佐賀県,唐津市,からつし,市,唐津,からつ
412031,佐賀県,鳥栖市,とすし,市,鳥栖,とす
412040,佐賀県,多久市,たくし,市,多久,たく
412058,佐賀県,伊万里市,いまりし,市,伊万里,いまり
412066,佐賀県,武雄市,たけおし,市,武雄,たけお
412074,佐賀県,鹿島市,かしまし,市,鹿島,かしま
412082,佐賀県,小城市,おぎし,市,小城,おぎ
412091,佐賀県,嬉野市,うれしのし,市,嬉野,うれしの
412104,佐賀県,神埼市,かんざきし,市,神埼,かんざき
413275,佐賀県,吉野ヶ里町,よしのがりちょう,町,吉野ヶ里,よしのがり
413411,佐賀県,基山町,きやまちょう,町,基山,きやま
413453,佐賀県,上峰町,かみみねちょう,町,上峰,かみみね
413461,佐賀県,みやき町,みやきちょう,町,みやき,みやき
413879,佐賀県,玄海町,げんかいちょう,町,玄海,げんかい
414018,佐賀県,有田町,ありたちょう,町,有田,ありた
414239,佐賀県,大町町,おおまちちょう,町,大町,おおまち
414247,佐賀県,江北町,こうほくまち,町,江北,こうほく
414255,佐賀県,白石町,しろいしちょう,町,白石,しろいし
414417,佐賀県,太良町,たらちょう,町,太良,たら
422011,長崎県,長崎市,ながさきし,市,長崎,ながさき
422029,長崎県,佐世保市,させぼし,市,佐世保,させぼ
422037,長崎県,島原市,しまばらし,市,島原,しまばら
422045,長崎県,諫早市,いさはやし,市,諫早,いさはや
422053,長崎県,大村市,おおむらし,市,大村,おおむら
422070,長崎県,平戸市,ひらどし,市,平戸,ひらど
422088,長崎県,松浦市,まつうらし,市,松浦,まつうら
422096,長崎県,対馬市,つしまし,市,対馬,つしま
422100,長崎県,壱岐市,いきし,市,壱岐,いき
422118,長崎県,五島市,ごとうし,市,五島,ごとう
422126,長崎県,西海市,さいかいし,市,西海,さいかい
422134,長崎県,雲仙市,うんぜんし,市,雲仙,うんぜん
422142,長崎県,南島原市,みなみしまばらし,市,南島原,みなみしまばら
423076,長崎県,長与町,ながよちょう,町,長与,ながよ
423084,長崎県,時津町,とぎつちょう,町,時津,とぎつ
423211,長崎県,東彼杵町,ひがしそのぎちょう,町,東彼杵,ひがしそのぎ
423220,長崎県,川棚町,かわたなちょう,町,川棚,かわたな
423238,長崎県,波佐見町,はさみちょう,町,波佐見,はさみ
423831,長崎県,小値賀町,おぢかちょう,町,小値賀,おぢか
423912,長崎県,佐々町,さざちょう,町,佐々,さざ
424111,長崎県,新上五島町,しんかみごとうちょう,町,新上五島,しんかみごとう
431001,熊本県,熊本市,くまもとし,市,熊本,くまもと
432024,熊本県,八代市,やつしろし,市,八代,やつしろ
432032,熊本県,人吉市,ひとよしし,市,人吉,ひとよし
432041,熊本県,荒尾市,あらおし,市,荒尾,あらお
432059,熊本県,水俣市,みなまたし,市,水俣,みなまた
432067,熊本県,玉名市,たまなし,市,玉名,たまな
432083,熊本県,山鹿市,やまがし,市,山鹿,やまが
432105,熊本県,菊池市,きくちし,市,菊池,きくち
432113,熊本県,宇土市,うとし,市,宇土,うと
432121,熊本県,上天草市,かみあまくさし,市,上天草,かみあまくさ
432130,熊本県,宇城市,うきし,市,宇城,うき
432148,熊本県,阿蘇市,あそし,市,阿蘇,あそ
432156,熊本県,天草市,あまくさし,市,天草,あまくさ
432164,熊本県,合志市,こうしし,市,合志,こうし
433489,熊本県,美里町,みさとまち,町,美里,みさと
433641,熊本県,玉東町,ぎょくとうまち,町,玉東,ぎょくとう
433675,熊本県,南関町,なんかんまち,町,南関,なんかん
433683,熊本県,長洲町,ながすまち,町,長洲,ながす
433691,熊本県,和水町,なごみまち,町,和水,なごみ
434035,熊本県,大津町,おおづまち,町,大津,おおづ
434043,熊本県,菊陽町,きくようまち,町,菊陽,きくよう
434230,熊本県,南小国町,みなみおぐにまち,町,南小国,みなみおぐに
434248,熊本県,小国町,おぐにまち,町,小国,おぐに
434256,熊本県,産山村,うぶやまむら,村,産山,うぶやま
434281,熊本県,高森町,たかもりまち,町,高森,たかもり
434329,熊本県,西原村,にしはらむら,村,西原,にしはら
434337,熊本県,南阿蘇村,みなみあそむら,村,南阿蘇,みなみあそ
434418,熊本県,御船町,みふねまち,町,御船,みふね
434426,熊本県,嘉島町,かしままち,町,嘉島,かしま
434434,熊本県,益城町,ましきまち,町,益城,ましき
434442,熊本県,甲佐町,こうさまち,町,甲佐,こうさ
434477,熊本県,山都町,やまとちょう,町,山都,やまと
434680,熊本県,氷川町,ひかわちょう,町,氷川,ひかわ
434825,熊本県,芦北町,あしきたまち,町,芦北,あしきた
434841,熊本県,津奈木町,つなぎまち,町,津奈木,つなぎ
435015,熊本県,錦町,にしきまち,町,錦,にしき
435058,熊本県,多良木町,たらぎまち,町,多良木,たらぎ
435066,熊本県,湯前町,ゆのまえまち,町,湯前,ゆのまえ
435074,熊本県,水上村,みずかみむら,村,水上,みずかみ
435104,熊本県,相良村,さがらむら,村,相良,さがら
435112,熊本県,五木村,いつきむら,村,五木,いつき
435121,熊本県,山江村,やまえむら,村,山江,やまえ
435139,熊本県,球磨村,くまむら,村,球磨,くま
435147,熊本県,あさぎり町,あさぎりちょう,町,あさぎり,あさぎり
435317,熊本県,苓北町,れいほくまち,町,苓北,れいほく
442011,大分県,大分市,おおいたし,市,大分,おおいた
442020,大分県,別府市,べっぷし,市,別府,べっぷ
442038,大分県,中津市,なかつし,市,中津,なかつ
442046,大分県,日田市,ひたし,市,日田,ひた
442054,大分県,佐伯市,さいきし,市,佐伯,さいき
442062,大分県,臼杵市,うすきし,市,臼杵,うすき
442071,大分県,津久見市,つくみし,市,津久見,つくみ
442089,大分県,竹田市,たけたし,市,竹田,たけた
442097,大分県,豊後高田市,ぶんごたかだし,市,豊後高田,ぶんごたかだ
442101,大分県,杵築市,きつきし,市,杵築,きつき
442119,大分県,宇佐市,うさし,市,宇佐,うさ
442127,大分県,豊後大野市,ぶんごおおのし,市,豊後大野,ぶんごおおの
442135,大分県,由布市,ゆふし,市,由布,ゆふ
442143,大分県,国東市,くにさきし,市,国東,くにさき
443221,大分県,姫島村,ひめしまむら,村,姫島,ひめしま
443417,大分県,日出町,ひじまち,町,日出,ひじ
444618,大分県,九重町,ここのえまち,町,九重,ここのえ
444626,大分県,玖珠町,くすまち,町,玖珠,くす
452017,宮崎県,宮崎市,みやざきし,市,宮崎,みやざき
452025,宮崎県,都城市,みやこのじょうし,市,都城,みやこのじょう
452033,宮崎県,延岡市,のべおかし,市,延岡,のべおか
452041,宮崎県,日南市,にちなんし,市,日南,にちなん
452050,宮崎県,小林市,こばやしし,市,小林,こばやし
452068,宮崎県,日向市,ひゅうがし,市,日向,ひゅうが
452076,宮崎県,串間市,くしまし,市,串間,くしま
452084,宮崎県,西都市,さいとし,市,西都,さいと
452092,宮崎県,えびの市,えびのし,市,えびの,えびの
453412,宮崎県,三股町,みまたちょう,町,三股,みまた
453617,宮崎県,高原町,たかはるちょう,町,高原,たかはる
453820,宮崎県,国富町,くにとみちょう,町,国富,くにとみ
453838,宮崎県,綾町,あやちょう,町,綾,あや
454010,宮崎県,高鍋町,たかなべちょう,町,高鍋,たかなべ
454028,宮崎県,新富町,しんとみちょう,町,新富,しんとみ
454036,宮崎県,西米良村,にしめらそん,村,西米良,にしめら
454044,宮崎県,木城町,きじょうちょう,町,木城,きじょう
454052,宮崎県,川南町,かわみなみちょう,町,川南,かわみなみ
454061,宮崎県,都農町,つのちょう,町,都農,つの
454214,宮崎県,門川町,かどがわちょう,町,門川,かどがわ
454290,宮崎県,諸塚村,もろつかそん,村,諸塚,もろつか
454303,宮崎県,椎葉村,しいばそん,村,椎葉,しいば
454311,宮崎県,美郷町,みさとちょう,町,美郷,みさと
454419,宮崎県,高千穂町,たかちほちょう,町,高千穂,たかちほ
454427,宮崎県,日之影町,ひのかげちょう,町,日之影,ひのかげ
454435,宮崎県,五ヶ瀬町,ごかせちょう,町,五ヶ瀬,ごかせ
462012,鹿児島県,鹿児島市,かごしまし,市,鹿児島,かごしま
462039,鹿児島県,鹿屋市,かのやし,市,鹿屋,かのや
462047,鹿児島県,枕崎市,まくらざきし,市,枕崎,まくらざき
462063,鹿児島県,阿久根市,あくねし,市,阿久根,あくね
462080,鹿児島県,出水市,いずみし,市,出水,いずみ
462101,鹿児島県,指宿市,いぶすきし,市,指宿,いぶすき
462136,鹿児島県,西之表市,にしのおもてし,市,西之表,にしのおもて
462144,鹿児島県,垂水市,たるみずし,市,垂水,たるみず
462152,鹿児島県,薩摩川内市,さつませんだいし,市,薩摩川内,さつませんだい
462161,鹿児島県,日置市,ひおきし,市,日置,ひおき
462179,鹿児島県,曽於市,そおし,市,曽於,そお
462187,鹿児島県,霧島市,きりしまし,市,霧島,きりしま
462195,鹿児島県,いちき串木野市,いちきくしきのし,市,いちき串木野,いちきくしきの
462209,鹿児島県,南さつま市,みなみさつまし,市,南さつま,みなみさつま
462217,鹿児島県,志布志市,しぶしし,市,志布志,しぶし
462225,鹿児島県,奄美市,あまみし,市,奄美,あまみ
462233,鹿児島県,南九州市,みなみきゅうしゅうし,市,南九州,みなみきゅうしゅう
462241,鹿児島県,伊佐市,いさし,市,伊佐,いさ
462250,鹿児島県,姶良市,あいらし,市,姶良,あいら
463035,鹿児島県,三島村,みしまむら,村,三島,みしま
463043,鹿児島県,十島村,としまむら,村,十島,としま
463922,鹿児島県,さつま町,さつまちょう,町,さつま,さつま
464040,鹿児島県,長島町,ながしまちょう,町,長島,ながしま
464520,鹿児島県,湧水町,ゆうすいちょう,町,湧水,ゆうすい
464686,鹿児島県,大崎町,おおさきちょう,町,大崎,おおさき
464821,鹿児島県,東串良町,ひがしくしらちょう,町,東串良,ひがしくしら
464902,鹿児島県,錦江町,きんこうちょう,町,錦江,きんこう
464911,鹿児島県,南大隅町,みなみおおすみちょう,町,南大隅,みなみおおすみ
464929,鹿児島県,肝付町,きもつきちょう,町,肝付,きもつき
465011,鹿児島県,中種子町,なかたねちょう,町,中種子,なかたね
465020,鹿児島県,南種子町,みなみたねちょう,町,南種子,みなみたね
465054,鹿児島県,屋久島町,やくしまちょう,町,屋久島,やくしま
465232,鹿児島県,大和村,やまとそん,村,大和,やまと
465241,鹿児島県,宇検村,うけんそん,村,宇検,うけん
465259,鹿児島県,瀬戸内町,せとうちちょう,町,瀬戸内,せとうち
465275,鹿児島県,龍郷町,たつごうちょう,町,龍郷,たつごう
465291,鹿児島県,喜界町,きかいちょう,町,喜界,きかい
465305,鹿児島県,徳之島町,とくのしまちょう,町,徳之島,とくのしま
465313,鹿児島県,天城町,あまぎちょう,町,天城,あまぎ
465321,鹿児島県,伊仙町,いせんちょう,町,伊仙,いせん
465330,鹿児島県,和泊町,わどまりちょう,町,和泊,わどまり
465348,鹿児島県,知名町,ちなちょう,町,知名,ちな
465356,鹿児島県,与論町,よろんちょう,町,与論,よろん
472018,沖縄県,那覇市,なはし,市,那覇,なは
472051,沖縄県,宜野湾市,ぎのわんし,市,宜野湾,ぎのわん
472077,沖縄県,石垣市,いしがきし,市,石垣,いしがき
472085,沖縄県,浦添市,うらそえし,市,浦添,うらそえ
472093,沖縄県,名護市,なごし,市,名護,なご
472107,沖縄県,糸満市,いとまんし,市,糸満,いとまん
472115,沖縄県,沖縄市,おきなわし,市,沖縄,おきなわ
472123,沖縄県,豊見城市,とみぐすくし,市,豊見城,とみぐすく
472131,沖縄県,うるま市,うるまし,市,うるま,うるま
472140,沖縄県,宮古島市,みやこじまし,市,宮古島,みやこじま
472158,沖縄県,南城市,なんじょうし,市,南城,なんじょう
473014,沖縄県,国頭村,くにがみそん,村,国頭,くにがみ
473022,沖縄県,大宜味村,おおぎみそん,村,大宜味,おおぎみ
473031,沖縄県,東村,ひがしそん,村,東,ひがし
473065,沖縄県,今帰仁村,なきじんそん,村,今帰仁,なきじん
473081,沖縄県,本部町,もとぶちょう,町,本部,もとぶ
473111,沖縄県,恩納村,おんなそん,村,恩納,おんな
473138,沖縄県,宜野座村,ぎのざそん,村,宜野座,ぎのざ
473146,沖縄県,金武町,きんちょう,町,金武,きん
473154,沖縄県,伊江村,いえそん,村,伊江,いえ
473243,沖縄県,読谷村,よみたんそん,村,読谷,よみたん
473251,沖縄県,嘉手納町,かでなちょう,町,嘉手納,かでな
473260,沖縄県,北谷町,ちやたんちょう,町,北谷,ちやたん
473278,沖縄県,北中城村,きたなかぐすくそん,村,北中城,きたなかぐすく
473286,沖縄県,中城村,なかぐすくそん,村,中城,なかぐすく
473294,沖縄県,西原町,にしはらちょう,町,西原,にしはら
473481,沖縄県,与那原町,よなばるちょう,町,与那原,よなばる
473502,沖縄県,南風原町,はえばるちょう,町,南風原,はえばる
473537,沖縄県,渡嘉敷村,とかしきそん,村,渡嘉敷,とかしき
473545,沖縄県,座間味村,ざまみそん,村,座間味,ざまみ
473553,沖縄県,粟国村,あぐにそん,村,粟国,あぐに
473561,沖縄県,渡名喜村,となきそん,村,渡名喜,となき
473570,沖縄県,南大東村,みなみだいとうそん,村,南大東,みなみだいとう
473588,沖縄県,北大東村,きただいとうそん,村,北大東,きただいとう
473596,沖縄県,伊平屋村,いへやそん,村,伊平屋,いへや
473600,沖縄県,伊是名村,いぜなそん,村,伊是名,いぜな
473618,沖縄県,久米島町,くめじまちょう,町,久米島,くめじま
473626,沖縄県,八重瀬町,やえせちょう,町,八重瀬,やえせ
473758,沖縄県,多良間村,たらまそん,村,多良間,たらま
473812,沖縄県,竹富町,たけとみちょう,町,竹富,たけとみ
473821,沖縄県,与那国町,よなぐにちょう,町,与那国,よなぐに
